"iso3c","date","country","region","income_level","Sex Disaggregated Data Available: 50 Gender SDG Indicators","Any Data Available: 50 Gender SDG Indicators","Sex Disaggregated Data Available: Tier 1","Sex Disaggregated Data Available: Tier 2","Sex Disaggregated Data Available: 1","Sex Disaggregated Data Available: 10","Sex Disaggregated Data Available: 11","Sex Disaggregated Data Available: 16","Sex Disaggregated Data Available: 2","Sex Disaggregated Data Available: 3","Sex Disaggregated Data Available: 4","Sex Disaggregated Data Available: 5","Sex Disaggregated Data Available: 8","Sex Disaggregated Data Available: Top 5 DHS/MICS Dropped","Sex Disaggregated Data Available: Top 7 DHS/MICS Dropped"
"AFG",2023,"Afghanistan","South Asia","Low income",20,24,16,4,1,0,0,3,1,4,3,4,4,18,18
"AGO",2023,"Angola","Sub-Saharan Africa","Lower middle income",15,18,12,3,1,0,0,2,1,2,2,4,3,15,14
"ALB",2023,"Albania","Europe & Central Asia","Upper middle income",21,26,17,4,3,0,0,3,1,4,4,5,1,21,21
"ARE",2023,"United Arab Emirates","Middle East & North Africa","High income",17,20,14,3,1,0,0,3,0,3,4,5,1,17,17
"ARG",2023,"Argentina","Latin America & Caribbean","Upper middle income",27,32,21,6,2,0,0,3,1,5,5,7,4,25,24
"ARM",2023,"Armenia","Europe & Central Asia","Upper middle income",24,29,18,6,3,0,0,3,1,3,4,6,4,24,24
"AUS",2023,"Australia","East Asia & Pacific","High income",21,24,17,4,1,0,0,4,1,4,4,5,2,21,21
"AUT",2023,"Austria","Europe & Central Asia","High income",23,29,16,7,3,0,1,4,0,3,4,6,2,23,23
"AZE",2023,"Azerbaijan","Europe & Central Asia","Upper middle income",18,22,13,5,1,0,0,2,1,4,3,5,2,18,18
"BDI",2023,"Burundi","Sub-Saharan Africa","Low income",16,20,13,3,2,0,0,1,1,3,4,3,2,16,15
"BEL",2023,"Belgium","Europe & Central Asia","High income",22,27,17,5,3,0,0,3,1,3,4,5,3,21,21
"BEN",2023,"Benin","Sub-Saharan Africa","Lower middle income",21,25,14,7,2,0,0,2,2,4,3,6,2,18,18
"BFA",2023,"Burkina Faso","Sub-Saharan Africa","Low income",23,28,16,7,2,0,0,3,2,5,3,6,2,21,20
"BGD",2023,"Bangladesh","South Asia","Lower middle income",22,27,17,5,2,0,0,2,1,5,3,6,3,20,19
"BGR",2023,"Bulgaria","Europe & Central Asia","Upper middle income",21,26,17,4,3,0,0,3,0,4,4,4,3,21,21
"BHR",2023,"Bahrain","Middle East & North Africa","High income",15,16,11,4,1,0,0,3,1,3,3,3,1,15,15
"BHS",2023,"Bahamas, The","Latin America & Caribbean","High income",9,13,7,2,1,0,0,2,0,3,2,1,0,9,8
"BIH",2023,"Bosnia and Herzegovina","Europe & Central Asia","Upper middle income",20,22,16,4,1,0,0,3,0,3,4,6,3,20,20
"BLR",2023,"Belarus","Europe & Central Asia","Upper middle income",24,28,18,6,2,0,0,3,0,4,4,7,4,22,21
"BLZ",2023,"Belize","Latin America & Caribbean","Upper middle income",19,24,15,4,1,0,0,2,1,4,3,5,3,19,18
"BOL",2023,"Bolivia","Latin America & Caribbean","Lower middle income",22,28,18,4,2,0,0,3,1,3,3,6,4,22,22
"BRA",2023,"Brazil","Latin America & Caribbean","Upper middle income",24,28,19,5,2,0,0,4,1,4,4,6,3,24,24
"BRB",2023,"Barbados","Latin America & Caribbean","High income",13,16,11,2,1,0,0,2,0,3,2,4,1,13,12
"BRN",2023,"Brunei Darussalam","East Asia & Pacific","High income",16,19,13,3,1,0,0,1,1,3,4,4,2,16,16
"BTN",2023,"Bhutan","South Asia","Lower middle income",18,23,15,3,2,0,0,2,1,4,3,4,2,18,17
"BWA",2023,"Botswana","Sub-Saharan Africa","Upper middle income",16,18,14,2,1,0,0,3,0,4,2,3,3,16,15
"CAF",2023,"Central African Republic","Sub-Saharan Africa","Low income",17,22,12,5,2,0,0,2,1,4,2,5,1,14,13
"CAN",2023,"Canada","North America","High income",20,26,16,4,1,0,0,4,1,4,4,5,1,20,20
"CHE",2023,"Switzerland","Europe & Central Asia","High income",24,31,17,7,2,0,0,4,1,2,4,8,3,24,24
"CHL",2023,"Chile","Latin America & Caribbean","High income",24,29,19,5,2,0,0,4,1,4,4,6,3,24,24
"CHN",2023,"China","East Asia & Pacific","Upper middle income",10,18,8,2,1,0,0,1,1,2,1,4,0,9,8
"CIV",2023,"Côte d’Ivoire","Sub-Saharan Africa","Lower middle income",29,34,21,8,2,0,0,3,2,5,5,8,4,26,25
"CMR",2023,"Cameroon","Sub-Saharan Africa","Lower middle income",16,21,13,3,1,0,0,3,1,3,3,4,1,16,15
"COD",2023,"Congo, Dem. Rep.","Sub-Saharan Africa","Low income",14,21,11,3,1,0,0,2,1,2,3,3,2,14,13
"COG",2023,"Congo, Rep.","Sub-Saharan Africa","Lower middle income",10,13,7,3,1,0,0,1,1,2,2,3,0,10,9
"COL",2023,"Colombia","Latin America & Caribbean","Upper middle income",28,33,19,9,3,0,0,5,1,4,3,8,4,28,28
"COM",2023,"Comoros","Sub-Saharan Africa","Lower middle income",16,19,13,3,1,0,0,1,0,3,3,4,4,14,14
"CPV",2023,"Cabo Verde","Sub-Saharan Africa","Lower middle income",15,18,12,3,1,0,0,2,1,3,2,5,1,15,14
"CRI",2023,"Costa Rica","Latin America & Caribbean","Upper middle income",24,29,19,5,3,0,0,3,1,4,4,6,3,24,24
"CUB",2023,"Cuba","Latin America & Caribbean","Upper middle income",15,20,12,3,1,0,0,2,0,5,4,3,0,13,12
"CYP",2023,"Cyprus","Europe & Central Asia","High income",20,26,17,3,3,0,0,3,0,4,4,4,2,20,20
"CZE",2023,"Czech Republic","Europe & Central Asia","High income",22,28,17,5,3,0,0,3,0,3,4,6,3,22,22
"DEU",2023,"Germany","Europe & Central Asia","High income",25,31,17,8,2,0,0,4,1,4,4,7,3,25,25
"DJI",2023,"Djibouti","Middle East & North Africa","Lower middle income",9,12,6,3,1,0,0,1,0,1,2,4,0,7,6
"DNK",2023,"Denmark","Europe & Central Asia","High income",21,27,18,3,3,0,0,3,0,4,4,5,2,20,20
"DOM",2023,"Dominican Republic","Latin America & Caribbean","Upper middle income",29,34,20,9,3,0,0,4,1,4,5,8,4,27,26
"DZA",2023,"Algeria","Middle East & North Africa","Lower middle income",14,17,11,3,1,0,0,3,0,4,3,2,1,12,12
"ECU",2023,"Ecuador","Latin America & Caribbean","Upper middle income",26,32,20,6,2,0,0,4,1,4,4,7,4,25,25
"EGY",2023,"Egypt, Arab Rep.","Middle East & North Africa","Lower middle income",24,29,20,4,2,0,0,3,1,4,4,6,4,23,23
"ERI",2023,"Eritrea","Sub-Saharan Africa","Low income",6,10,4,2,0,0,0,1,0,2,2,1,0,6,5
"ESP",2023,"Spain","Europe & Central Asia","High income",21,26,16,5,3,0,0,3,0,3,4,4,4,21,21
"EST",2023,"Estonia","Europe & Central Asia","High income",23,28,17,6,3,0,0,4,0,4,4,5,3,23,23
"ETH",2023,"Ethiopia","Sub-Saharan Africa","Low income",22,25,15,7,1,0,0,2,2,4,3,7,3,22,21
"FIN",2023,"Finland","Europe & Central Asia","High income",25,30,17,8,3,0,0,4,0,3,4,7,4,25,25
"FJI",2023,"Fiji","East Asia & Pacific","Upper middle income",17,24,12,5,1,0,0,2,1,4,3,5,1,14,14
"FRA",2023,"France","Europe & Central Asia","High income",24,29,18,6,3,0,0,4,1,4,4,4,4,24,24
"GAB",2023,"Gabon","Sub-Saharan Africa","Upper middle income",15,18,11,4,1,0,0,2,1,4,2,4,1,13,12
"GBR",2023,"United Kingdom","Europe & Central Asia","High income",19,25,15,4,1,0,0,4,1,2,3,6,2,17,17
"GEO",2023,"Georgia","Europe & Central Asia","Upper middle income",26,32,17,9,3,0,0,2,2,4,3,9,3,26,26
"GHA",2023,"Ghana","Sub-Saharan Africa","Lower middle income",22,25,17,5,1,0,0,4,1,4,3,7,2,20,19
"GIN",2023,"Guinea","Sub-Saharan Africa","Low income",16,19,14,2,1,0,0,2,1,3,4,4,1,16,15
"GMB",2023,"Gambia, The","Sub-Saharan Africa","Low income",23,31,18,5,2,0,0,2,1,4,4,7,3,19,18
"GNB",2023,"Guinea-Bissau","Sub-Saharan Africa","Low income",16,21,11,5,2,0,0,1,1,3,2,5,2,13,13
"GNQ",2023,"Equatorial Guinea","Sub-Saharan Africa","Upper middle income",7,10,6,1,1,0,0,1,1,2,0,2,0,7,7
"GRC",2023,"Greece","Europe & Central Asia","High income",22,28,18,4,3,0,0,3,0,4,4,5,3,22,22
"GTM",2023,"Guatemala","Latin America & Caribbean","Upper middle income",24,27,17,7,1,0,0,4,1,3,4,7,4,24,24
"GUY",2023,"Guyana","Latin America & Caribbean","Upper middle income",22,25,18,4,1,0,0,3,1,4,4,5,4,20,19
"HKG",2023,"Hong Kong SAR, China","East Asia & Pacific","High income",9,10,6,3,0,0,0,2,0,1,3,2,1,9,9
"HND",2023,"Honduras","Latin America & Caribbean","Lower middle income",24,29,20,4,2,0,0,4,1,4,5,5,3,21,20
"HRV",2023,"Croatia","Europe & Central Asia","High income",20,27,16,4,3,0,0,3,0,3,4,5,2,20,20
"HTI",2023,"Haiti","Latin America & Caribbean","Lower middle income",11,14,8,3,1,0,0,2,1,2,1,4,0,11,10
"HUN",2023,"Hungary","Europe & Central Asia","High income",21,26,16,5,3,0,0,3,0,2,4,5,4,21,21
"IDN",2023,"Indonesia","East Asia & Pacific","Lower middle income",20,27,16,4,2,0,0,2,1,3,4,5,3,20,20
"IND",2023,"India","South Asia","Lower middle income",24,30,18,6,1,0,0,4,1,4,3,8,3,21,21
"IRL",2023,"Ireland","Europe & Central Asia","High income",20,26,15,5,3,0,0,4,0,3,4,4,2,20,20
"IRN",2023,"Iran, Islamic Rep.","Middle East & North Africa","Lower middle income",18,22,14,4,2,0,0,1,1,4,4,5,1,18,18
"IRQ",2023,"Iraq","Middle East & North Africa","Upper middle income",17,20,13,4,1,0,0,3,1,2,2,5,3,17,16
"ISL",2023,"Iceland","Europe & Central Asia","High income",18,23,14,4,1,0,0,3,0,4,4,4,2,18,18
"ISR",2023,"Israel","Middle East & North Africa","High income",17,22,12,5,1,0,1,4,0,2,4,3,2,17,17
"ITA",2023,"Italy","Europe & Central Asia","High income",21,27,16,5,3,0,0,3,0,4,4,5,2,21,21
"JAM",2023,"Jamaica","Latin America & Caribbean","Upper middle income",18,24,15,3,2,0,0,3,0,3,4,4,2,18,18
"JOR",2023,"Jordan","Middle East & North Africa","Upper middle income",22,25,18,4,1,0,0,3,1,4,4,6,3,22,22
"JPN",2023,"Japan","East Asia & Pacific","High income",17,22,13,4,1,0,0,3,1,3,2,6,1,17,17
"KAZ",2023,"Kazakhstan","Europe & Central Asia","Upper middle income",16,22,13,3,2,0,0,2,1,2,3,5,1,16,16
"KEN",2023,"Kenya","Sub-Saharan Africa","Lower middle income",30,35,20,10,1,0,0,3,1,5,4,12,4,25,24
"KGZ",2023,"Kyrgyz Republic","Europe & Central Asia","Lower middle income",19,24,17,2,3,0,0,2,1,4,3,4,2,19,18
"KHM",2023,"Cambodia","East Asia & Pacific","Lower middle income",24,28,17,7,1,0,0,2,1,4,4,9,3,21,21
"KOR",2023,"Korea, Rep.","East Asia & Pacific","High income",20,26,15,5,1,0,0,3,1,3,4,5,3,20,20
"KWT",2023,"Kuwait","Middle East & North Africa","High income",11,14,8,3,1,0,0,2,0,3,3,2,0,11,11
"LAO",2023,"Lao PDR","East Asia & Pacific","Lower middle income",15,18,13,2,1,0,0,1,1,2,4,3,3,15,14
"LBN",2023,"Lebanon","Middle East & North Africa","Lower middle income",18,21,15,3,1,0,0,3,1,1,4,5,3,18,18
"LBR",2023,"Liberia","Sub-Saharan Africa","Low income",21,25,14,7,1,0,0,2,1,5,2,9,1,17,16
"LBY",2023,"Libya","Middle East & North Africa","Upper middle income",7,8,4,3,1,0,0,2,0,1,0,3,0,7,7
"LKA",2023,"Sri Lanka","South Asia","Lower middle income",16,23,13,3,2,0,0,2,1,2,2,3,4,16,15
"LSO",2023,"Lesotho","Sub-Saharan Africa","Lower middle income",15,18,12,3,1,0,0,1,1,3,3,3,3,15,14
"LTU",2023,"Lithuania","Europe & Central Asia","High income",24,30,18,6,3,0,0,3,0,4,4,8,2,23,23
"LUX",2023,"Luxembourg","Europe & Central Asia","High income",20,25,14,6,3,0,0,4,0,3,3,4,3,20,20
"LVA",2023,"Latvia","Europe & Central Asia","High income",23,28,17,6,3,0,0,5,0,4,4,4,3,23,23
"MAC",2023,"Macao SAR, China","East Asia & Pacific","High income",8,8,6,2,1,0,0,1,0,1,3,1,1,8,8
"MAR",2023,"Morocco","Middle East & North Africa","Lower middle income",16,19,13,3,1,0,0,3,1,2,3,5,1,16,16
"MDA",2023,"Moldova","Europe & Central Asia","Upper middle income",26,31,20,6,2,0,0,3,1,5,4,7,4,25,24
"MDG",2023,"Madagascar","Sub-Saharan Africa","Low income",20,23,14,6,1,0,0,3,1,5,3,6,1,17,16
"MDV",2023,"Maldives","South Asia","Upper middle income",18,25,14,4,2,0,0,1,1,3,3,5,3,18,17
"MEX",2023,"Mexico","Latin America & Caribbean","Upper middle income",30,35,20,10,3,0,0,6,1,4,5,6,5,28,28
"MKD",2023,"North Macedonia","Europe & Central Asia","Upper middle income",26,32,19,7,3,0,0,3,1,3,5,8,3,23,23
"MLI",2023,"Mali","Sub-Saharan Africa","Low income",19,26,13,6,2,0,0,2,2,3,2,4,4,19,19
"MLT",2023,"Malta","Middle East & North Africa","High income",20,26,16,4,3,0,0,2,0,4,4,4,3,20,20
"MMR",2023,"Myanmar","East Asia & Pacific","Lower middle income",19,23,14,5,1,0,0,4,1,2,3,4,4,19,18
"MNE",2023,"Montenegro","Europe & Central Asia","Upper middle income",20,25,16,4,3,0,0,3,1,3,4,5,1,20,20
"MNG",2023,"Mongolia","East Asia & Pacific","Lower middle income",24,31,16,8,1,0,0,2,2,3,4,8,4,24,24
"MOZ",2023,"Mozambique","Sub-Saharan Africa","Low income",13,18,11,2,1,0,0,2,1,4,1,3,1,13,12
"MRT",2023,"Mauritania","Sub-Saharan Africa","Lower middle income",20,27,14,6,2,0,0,2,0,5,2,7,2,16,14
"MUS",2023,"Mauritius","Sub-Saharan Africa","Upper middle income",19,23,15,4,1,0,0,2,1,3,3,5,4,19,18
"MWI",2023,"Malawi","Sub-Saharan Africa","Low income",21,28,14,7,2,0,0,1,2,4,3,7,2,19,18
"MYS",2023,"Malaysia","East Asia & Pacific","Upper middle income",20,27,15,5,1,0,0,2,1,4,3,6,3,20,20
"NAM",2023,"Namibia","Sub-Saharan Africa","Upper middle income",13,16,10,3,1,0,0,3,1,2,2,4,0,13,12
"NCL",2023,"New Caledonia","East Asia & Pacific","High income",7,7,5,2,1,0,0,1,0,1,2,1,1,7,6
"NER",2023,"Niger","Sub-Saharan Africa","Low income",20,24,15,5,2,0,0,2,2,5,4,4,1,20,18
"NGA",2023,"Nigeria","Sub-Saharan Africa","Lower middle income",21,26,16,5,1,0,0,2,2,3,3,7,3,18,18
"NIC",2023,"Nicaragua","Latin America & Caribbean","Lower middle income",13,17,10,3,1,0,0,2,1,3,2,4,0,13,13
"NLD",2023,"Netherlands","Europe & Central Asia","High income",21,28,16,5,3,0,0,4,0,3,4,5,2,21,21
"NOR",2023,"Norway","Europe & Central Asia","High income",22,28,17,5,3,0,0,4,0,3,4,6,2,21,21
"NPL",2023,"Nepal","South Asia","Lower middle income",21,26,13,8,1,0,0,3,1,5,3,8,0,17,16
"NZL",2023,"New Zealand","East Asia & Pacific","High income",16,19,13,3,1,0,0,3,1,4,3,3,1,16,16
"OMN",2023,"Oman","Middle East & North Africa","High income",16,21,13,3,1,0,0,2,1,4,3,4,1,16,16
"PAK",2023,"Pakistan","South Asia","Lower middle income",22,26,16,6,1,0,0,2,1,3,4,7,4,22,22
"PAN",2023,"Panama","Latin America & Caribbean","High income",23,28,19,4,2,0,0,3,1,4,4,5,4,23,23
"PER",2023,"Peru","Latin America & Caribbean","Upper middle income",29,34,22,7,2,0,0,4,2,5,4,8,4,28,27
"PHL",2023,"Philippines","East Asia & Pacific","Lower middle income",24,30,19,5,2,0,0,4,1,3,5,6,3,20,20
"PNG",2023,"Papua New Guinea","East Asia & Pacific","Lower middle income",11,14,9,2,1,0,0,1,1,2,2,3,1,11,10
"POL",2023,"Poland","Europe & Central Asia","High income",22,27,17,5,3,0,0,4,0,4,4,4,3,22,22
"PRI",2023,"Puerto Rico","Latin America & Caribbean","High income",4,7,4,0,1,0,0,1,0,2,0,0,0,4,4
"PRK",2023,"Korea, Dem. People's Rep.","East Asia & Pacific","Low income",5,7,4,1,0,0,0,1,1,1,0,2,0,5,5
"PRT",2023,"Portugal","Europe & Central Asia","High income",24,29,18,6,2,0,0,3,0,4,4,7,4,24,24
"PRY",2023,"Paraguay","Latin America & Caribbean","Upper middle income",20,27,15,5,2,0,0,4,0,2,3,6,3,20,20
"PSE",2023,"West Bank and Gaza","Middle East & North Africa","Lower middle income",27,30,17,10,1,0,0,5,0,3,5,8,5,24,23
"PYF",2023,"French Polynesia","East Asia & Pacific","High income",1,3,1,0,0,0,0,0,0,1,0,0,0,1,1
"QAT",2023,"Qatar","Middle East & North Africa","High income",18,21,13,5,1,0,0,3,0,4,3,5,2,18,18
"ROU",2023,"Romania","Europe & Central Asia","High income",23,28,18,5,3,0,0,3,0,4,4,6,3,22,22
"RUS",2023,"Russian Federation","Europe & Central Asia","Upper middle income",20,25,14,6,2,0,0,3,0,3,3,6,3,20,20
"RWA",2023,"Rwanda","Sub-Saharan Africa","Low income",26,30,17,9,2,0,0,2,1,5,4,9,3,22,21
"SAU",2023,"Saudi Arabia","Middle East & North Africa","High income",18,22,13,5,1,0,1,3,0,4,4,4,1,18,18
"SDN",2023,"Sudan","Sub-Saharan Africa","Low income",12,16,11,1,1,0,0,0,0,2,2,4,3,12,11
"SEN",2023,"Senegal","Sub-Saharan Africa","Lower middle income",26,31,19,7,2,0,0,2,2,5,5,7,3,22,21
"SGP",2023,"Singapore","East Asia & Pacific","High income",15,20,12,3,1,0,0,2,0,3,3,5,1,14,14
"SLB",2023,"Solomon Islands","East Asia & Pacific","Lower middle income",8,12,6,2,1,0,0,1,1,1,2,2,0,8,7
"SLE",2023,"Sierra Leone","Sub-Saharan Africa","Low income",17,21,12,5,1,0,0,3,1,4,2,6,0,13,12
"SLV",2023,"El Salvador","Latin America & Caribbean","Lower middle income",24,29,19,5,2,0,0,4,1,3,4,6,4,22,22
"SOM",2023,"Somalia","Sub-Saharan Africa","Low income",14,18,11,3,1,0,0,2,1,2,2,4,2,13,12
"SRB",2023,"Serbia","Europe & Central Asia","Upper middle income",31,36,22,9,3,0,0,4,1,5,5,9,4,28,27
"SSD",2023,"South Sudan","Sub-Saharan Africa","Low income",10,13,7,3,1,0,0,2,0,3,1,3,0,10,9
"STP",2023,"São Tomé and Príncipe","Sub-Saharan Africa","Lower middle income",13,16,10,3,1,0,0,1,1,4,2,3,1,11,10
"SUR",2023,"Suriname","Latin America & Caribbean","Upper middle income",14,19,11,3,2,0,0,2,0,4,2,4,0,14,13
"SVK",2023,"Slovak Republic","Europe & Central Asia","High income",24,29,18,6,3,0,0,3,0,4,4,6,4,24,24
"SVN",2023,"Slovenia","Europe & Central Asia","High income",21,27,14,7,3,0,1,3,0,2,4,5,3,21,21
"SWE",2023,"Sweden","Europe & Central Asia","High income",22,27,16,6,3,0,0,4,0,2,4,5,4,22,22
"SWZ",2023,"Eswatini","Sub-Saharan Africa","Lower middle income",19,25,14,5,1,0,0,2,1,3,3,5,4,16,15
"SYR",2023,"Syrian Arab Republic","Middle East & North Africa","Low income",8,15,5,3,0,0,0,2,0,2,2,2,0,8,7
"TCD",2023,"Chad","Sub-Saharan Africa","Low income",17,22,13,4,1,0,0,1,1,4,4,5,1,14,13
"TGO",2023,"Togo","Sub-Saharan Africa","Low income",18,22,12,6,2,0,0,2,2,2,4,5,1,18,17
"THA",2023,"Thailand","East Asia & Pacific","Upper middle income",25,32,18,7,3,0,0,2,1,5,5,7,2,23,22
"TJK",2023,"Tajikistan","Europe & Central Asia","Lower middle income",10,14,8,2,1,0,0,3,1,3,1,1,0,10,9
"TKM",2023,"Turkmenistan","Europe & Central Asia","Upper middle income",13,16,8,5,1,0,0,1,0,3,2,6,0,10,9
"TLS",2023,"Timor-Leste","East Asia & Pacific","Lower middle income",13,16,11,2,1,0,0,1,1,2,3,2,3,13,12
"TTO",2023,"Trinidad and Tobago","Latin America & Caribbean","High income",16,19,13,3,1,0,0,3,0,1,4,5,2,14,13
"TUN",2023,"Tunisia","Middle East & North Africa","Lower middle income",20,25,15,5,2,0,0,4,1,2,2,6,3,20,19
"TUR",2023,"Türkiye","Europe & Central Asia","Upper middle income",24,29,18,6,3,0,0,3,0,3,4,6,5,24,24
"TZA",2023,"Tanzania","Sub-Saharan Africa","Lower middle income",28,31,20,8,1,0,0,4,2,4,4,9,4,23,23
"UGA",2023,"Uganda","Sub-Saharan Africa","Low income",22,28,16,6,2,0,0,3,2,4,2,6,3,22,21
"UKR",2023,"Ukraine","Europe & Central Asia","Lower middle income",19,25,13,6,2,0,0,3,1,2,3,6,2,19,19
"URY",2023,"Uruguay","Latin America & Caribbean","High income",21,26,17,4,2,0,0,3,0,4,4,6,2,21,21
"USA",2023,"United States","North America","High income",19,25,16,3,1,0,0,3,1,4,4,4,2,19,19
"UZB",2023,"Uzbekistan","Europe & Central Asia","Lower middle income",25,30,17,8,2,0,0,3,1,3,4,8,4,22,22
"VEN",2023,"Venezuela, RB","Latin America & Caribbean",NA,8,12,7,1,1,0,0,2,0,2,0,2,1,8,8
"VNM",2023,"Vietnam","East Asia & Pacific","Lower middle income",24,30,19,5,2,0,0,1,1,5,4,7,4,22,21
"VUT",2023,"Vanuatu","East Asia & Pacific","Lower middle income",13,16,11,2,2,0,0,2,1,1,3,2,2,13,12
"WSM",2023,"Samoa","East Asia & Pacific","Lower middle income",15,18,11,4,1,0,0,2,1,3,3,3,2,12,11
"YEM",2023,"Yemen, Rep.","Middle East & North Africa","Low income",13,16,10,3,1,0,0,2,1,4,0,4,1,12,12
"ZAF",2023,"South Africa","Sub-Saharan Africa","Upper middle income",19,22,15,4,1,0,0,4,1,2,4,4,3,19,19
"ZMB",2023,"Zambia","Sub-Saharan Africa","Low income",17,23,14,3,2,0,0,1,1,3,3,4,3,17,16
"ZWE",2023,"Zimbabwe","Sub-Saharan Africa","Lower middle income",26,33,18,8,2,0,0,3,1,4,3,8,5,23,23
