"iso3c","date","country","region","income_level","goal","ind_quality","ind_number","goal_count","availability","NY.GDP.PCAP.KD","NY.GDP.PCAP.PP.CD","GE.EST","HD.HCI.OVRL","SP.POP.TOTL","IQ.SPI.OVRL","IQ.SPI.PIL1","IQ.SPI.PIL2","IQ.SPI.PIL3","IQ.SPI.PIL4","IQ.SPI.PIL5","SG.LAW.INDX","income_alt_groups","pop_groups"
"AFG",2020,"Afghanistan","South Asia","Low income","Combined",0.36,49,50,36,529.1449097269447,2568.3419091677856,-1.60950922966003,0.400284141302109,38972230,54.3966666666667,80,59.4333333333333,72.15,20.4,40,38.125,"Low income","Pop > 500K"
"AGO",2020,"Angola","Sub-Saharan Africa","Lower middle income","Combined",0.4,49,50,40,2435.02485427339,6455.119982132997,-1.25839388370514,0.362405389547348,33428486,58.1633333333333,80,62.7,69.9,43.2166666666667,35,73.125,"Lower middle income","Pop > 500K"
"ALB",2020,"Albania","Europe & Central Asia","Upper middle income","Combined",0.54,49,50,54,4418.660873782925,14436.48504428227,-0.154880329966545,0.634250938892365,2837849,82.9841666666667,100,68.6333333333333,78.2625,73.025,95,91.25,"Upper middle income","Pop > 500K"
"ARE",2020,"United Arab Emirates","Middle East & North Africa","High income","Combined",0.28,49,50,28.000000000000004,41276.055513441395,66153.26386133417,1.28574478626251,0.673011898994446,9287289,66.5008333333333,100,45.3,64.7125,57.4916666666667,65,82.5,"Hgh Income & Pop >= 500K","Pop > 500K"
"ARG",2020,"Argentina","Latin America & Caribbean","Upper middle income","Combined",0.52,49,50,52,11346.652112846077,22302.150489001575,-0.253818213939667,0.602144718170166,45376763,65.2775,70,80.8,81.2375,59.35,35,76.25,"Upper middle income","Pop > 500K"
"ARM",2020,"Armenia","Europe & Central Asia","Upper middle income","Combined",0.613,49,50,61.3,4256.131227854532,15523.465393885925,-0.304616540670395,0.578998804092407,2805608,82.9383333333333,100,84.9,83.9,60.8916666666667,85,85,"Upper middle income","Pop > 500K"
"AUS",2020,"Australia","East Asia & Pacific","High income","Combined",0.42,49,50,42,58082.42657991822,54064.07946619472,1.57377552986145,0.770239531993866,25649248,85.7279166666667,90,89.7666666666667,74.90625,73.9666666666667,100,96.875,"Hgh Income & Pop >= 500K","Pop > 500K"
"AUT",2020,"Austria","Europe & Central Asia","High income","Combined",0.4,49,50,40,43343.971895113624,58610.83436366913,1.60626363754272,0.746739745140076,8916864,89.7791666666667,100,92.0333333333333,79.4125,77.45,100,96.875,"Hgh Income & Pop >= 500K","Pop > 500K"
"AZE",2020,"Azerbaijan","Europe & Central Asia","Upper middle income","Combined",0.36,49,50,36,5083.560254457207,15163.570332728228,-0.155563846230507,0.577767550945282,10093121,70.8670833333333,80,68.1,68.49375,57.7416666666667,80,78.75,"Upper middle income","Pop > 500K"
"BDI",2020,"Burundi","Sub-Saharan Africa","Low income","Combined",0.56,49,50,56.00000000000001,263.3609886945764,812.0551729678953,-1.30227255821228,0.386170625686646,12220227,49.67625,56.6,64.0333333333333,77.00625,15.7416666666667,35,73.125,"Low income","Pop > 500K"
"BEL",2020,"Belgium","Europe & Central Asia","High income","Combined",0.48,49,50,48,40636.80661595236,55730.95289440114,1.07878303527832,0.76041966676712,11538604,81.9483333333333,100,82.2,66.175,66.3666666666667,95,100,"Hgh Income & Pop >= 500K","Pop > 500K"
"BEN",2020,"Benin","Sub-Saharan Africa","Lower middle income","Combined",0.5,49,50,50,1164.708966550311,3354.1799707746554,-0.29078072309494,0.400290727615356,12643123,56.3625,70,69.9,74.4375,32.475,35,77.5,"Lower middle income","Pop > 500K"
"BFA",2020,"Burkina Faso","Sub-Saharan Africa","Low income","Combined",0.46,49,50,46,712.3849500751597,2375.8628519407703,-0.707874298095703,0.383691936731339,21522626,53.16625,80,35.7,71.80625,33.325,45,82.5,"Low income","Pop > 500K"
"BGD",2020,"Bangladesh","South Asia","Lower middle income","Combined",0.48,49,50,48,1593.9030882546936,6596.044598306186,-0.779725730419159,0.46403643488884,167420951,61.8029166666667,90,60.8,79.53125,53.6833333333333,25,49.375,"Lower middle income","Pop > 500K"
"BGR",2020,"Bulgaria","Europe & Central Asia","Upper middle income","Combined",0.44,49,50,44,7958.82683957222,25735.000854415437,-0.213883146643639,0.613898158073425,6934015,83.0529166666667,100,91.0666666666666,63.53125,70.6666666666667,90,90.625,"Upper middle income","Pop > 500K"
"BHR",2020,"Bahrain","Middle East & North Africa","High income","Combined",0.28,49,50,28.000000000000004,22550.95263633045,51439.20375774099,0.390768140554428,0.652472019195557,1477469,60.0125,90,72.2333333333333,48.2625,59.5666666666667,30,55.625,"Hgh Income & Pop >= 500K","Pop > 500K"
"BHS",2020,"Bahamas, The","Latin America & Caribbean","High income","Combined",0.18,49,50,18,23256.11606416502,25459.21851506479,0.405644178390503,NA,406471,48.1433333333333,80,28.6333333333333,38.55,28.5333333333333,65,81.25,"Hgh Income & Pop <= 500K","Pop <= 500K"
"BIH",2020,"Bosnia and Herzegovina","Europe & Central Asia","Upper middle income","Combined",0.38,49,50,38,5459.219629308911,16275.238182346187,-1.075679063797,0.57968407869339,3318407,65.0470833333333,80,62.7333333333333,65.01875,57.4833333333333,60,85,"Upper middle income","Pop > 500K"
"BLR",2020,"Belarus","Europe & Central Asia","Upper middle income","Combined",0.54,49,50,54,6252.008819139122,24872.339899371058,-0.82950896024704,0.700078189373016,9379952,81.3129166666667,100,85.3,71.75625,54.5083333333333,95,75.625,"Upper middle income","Pop > 500K"
"BLZ",2020,"Belize","Latin America & Caribbean","Upper middle income","Combined",0.38,49,50,38,4957.943867911413,9540.671149688344,-0.603375792503357,NA,394921,59.0170833333333,80,62.4,58.34375,64.3416666666667,30,79.375,"Upper middle income","Pop <= 500K"
"BOL",2020,"Bolivia","Latin America & Caribbean","Lower middle income","Combined",0.46,49,50,46,2920.197447333939,8210.702909809102,-0.725854098796844,NA,11936162,64.7004166666667,100,66.3666666666667,71.41875,55.7166666666667,30,88.75,"Lower middle income","Pop > 500K"
"BRA",2020,"Brazil","Latin America & Caribbean","Upper middle income","Combined",0.48,49,50,48,8255.56801342826,15759.078230080322,-0.465359300374985,0.551497936248779,213196304,78.3375,90,87,74.1125,70.575,70,85,"Upper middle income","Pop > 500K"
"BRB",2020,"Barbados","Latin America & Caribbean","High income","Combined",0.3,49,50,30,15163.66720588501,14687.107035888128,0.44402226805687,NA,280693,NA,100,NA,57.4,NA,35,80,"Hgh Income & Pop <= 500K","Pop <= 500K"
"BRN",2020,"Brunei Darussalam","East Asia & Pacific","High income","Combined",0.3,49,50,30,30401.843825383963,70685.1863107895,1.38349044322968,0.626391351222992,441725,60.86,90,69.3333333333333,48.375,51.5916666666667,45,53.125,"Hgh Income & Pop <= 500K","Pop <= 500K"
"BTN",2020,"Bhutan","South Asia","Lower middle income","Combined",0.32,49,50,32,3075.885565267408,12434.674518468044,0.300448268651962,0.475297033786774,772506,50.8916666666667,70,60.6,68.35,40.5083333333333,15,75,"Lower middle income","Pop > 500K"
"BWA",2020,"Botswana","Sub-Saharan Africa","Upper middle income","Combined",0.293,49,50,29.299999999999997,5810.898476067424,14208.270155347729,0.167751252651215,0.414028495550156,2546402,60.5066666666667,60,67.5333333333333,70.075,64.925,40,63.75,"Upper middle income","Pop > 500K"
"CAF",2020,"Central African Republic","Sub-Saharan Africa","Low income","Combined",0.36,49,50,36,375.2169240732808,1003.1486767261997,-1.72857892513275,0.291631907224655,5343020,NA,30,NA,57.2,NA,20,77.5,"Low income","Pop > 500K"
"CAN",2020,"Canada","North America","High income","Combined",0.373,49,50,37.3,42366.12851925274,48590.6832121939,1.59874486923218,0.797520101070404,38028638,87.4366666666667,100,93.0666666666666,67.1,82.0166666666667,95,100,"Hgh Income & Pop >= 500K","Pop > 500K"
"CHE",2020,"Switzerland","Europe & Central Asia","High income","Combined",0.48,49,50,48,84637.01323131793,72997.82395032821,1.97250926494598,0.756115138530731,8638167,87.9233333333333,100,90.4333333333333,79.075,80.1083333333333,90,85.625,"Hgh Income & Pop >= 500K","Pop > 500K"
"CHL",2020,"Chile","Latin America & Caribbean","High income","Combined",0.513,49,50,51.300000000000004,12725.212343005487,25443.214014618177,0.70538467168808,0.651604175567627,19300315,82.6420833333333,100,77.6666666666667,80.74375,59.8,95,80,"Hgh Income & Pop >= 500K","Pop > 500K"
"CHN",2020,"China","East Asia & Pacific","Upper middle income","Combined",0.2,49,50,20,10358.169997179182,17891.480286997103,0.644194781780243,0.65310263633728,1411100000,57.8075,83.4,42.4,64.9625,43.275,55,75.625,"Upper middle income","Pop > 500K"
"CIV",2020,"Côte d’Ivoire","Sub-Saharan Africa","Lower middle income","Combined",0.54,49,50,54,NA,NA,NA,NA,NA,NA,NA,NA,NA,NA,NA,NA,"Lower middle income",NA
"CMR",2020,"Cameroon","Sub-Saharan Africa","Lower middle income","Combined",0.44,49,50,44,1419.3282083778101,4319.218870539388,-0.931451499462128,0.397401511669159,26491087,55.15,70,63.8666666666667,74.375,32.5083333333333,35,60,"Lower middle income","Pop > 500K"
"COD",2020,"Congo, Dem. Rep.","Sub-Saharan Africa","Low income","Combined",0.42,49,50,42,487.43313317262533,1174.3858681879692,-1.74476528167725,0.366369277238846,92853164,46.1670833333333,60,68.0666666666667,64.56875,18.2,20,78.75,"Low income","Pop > 500K"
"COG",2020,"Congo, Rep.","Sub-Saharan Africa","Lower middle income","Combined",0.2,49,50,20,1740.8273418034826,4813.31562649405,-1.25432980060577,0.41926571726799,5702174,39.23625,60,29.4333333333333,52.28125,29.4666666666667,25,49.375,"Lower middle income","Pop > 500K"
"COL",2020,"Colombia","Latin America & Caribbean","Upper middle income","Combined",0.5,49,50,50,5857.172556054592,15427.593780784047,0.00868012197315693,0.60433030128479,50930662,74.0683333333333,100,85,85.575,44.7666666666667,55,81.875,"Upper middle income","Pop > 500K"
"COM",2020,"Comoros","Sub-Saharan Africa","Lower middle income","Combined",0.16,49,50,16,1352.9554930135562,3245.399587698987,-1.64291417598724,0.40468829870224,806166,NA,60,NA,61.21875,NA,30,65,"Lower middle income","Pop > 500K"
"CPV",2020,"Cabo Verde","Sub-Saharan Africa","Lower middle income","Combined",0.38,49,50,38,2876.153428384281,6053.270154848397,0.197070047259331,NA,582640,60.77125,80,64.8,67.98125,71.075,20,86.25,"Lower middle income","Pop > 500K"
"CRI",2020,"Costa Rica","Latin America & Caribbean","Upper middle income","Combined",0.54,49,50,54,12030.048593401074,21716.870243268495,0.196720212697983,0.628635048866272,5123105,83.32625,100,87.0333333333333,86.38125,73.2166666666667,70,86.25,"Upper middle income","Pop > 500K"
"CUB",2020,"Cuba","Latin America & Caribbean","Upper middle income","Combined",0.32,49,50,32,7172.517927676566,NA,-0.203546971082687,NA,11300698,NA,60,NA,67.43125,NA,NA,NA,"Upper middle income","Pop > 500K"
"CYP",2020,"Cyprus","Europe & Central Asia","High income","Combined",0.433,49,50,43.3,27076.740234375,42796.03515625,0.839920282363892,0.755520224571228,1237537,81.955,100,91.3666666666667,59.95,73.4583333333333,85,91.25,"Hgh Income & Pop >= 500K","Pop > 500K"
"CZE",2020,"Czech Republic","Europe & Central Asia","High income","Combined",0.413,49,50,41.3,NA,NA,NA,NA,NA,NA,NA,NA,NA,NA,NA,NA,"High income",NA
"DEU",2020,"Germany","Europe & Central Asia","High income","Combined",0.42,49,50,42,41601.97315635165,57905.17955148442,1.31406188011169,0.751162469387054,83160871,87.47625,100,95.3333333333333,71.63125,75.4166666666667,95,100,"Hgh Income & Pop >= 500K","Pop > 500K"
"DJI",2020,"Djibouti","Middle East & North Africa","Lower middle income","Combined",0.26,49,50,26,2814.826220840573,5676.305934320819,-0.760830402374268,NA,1090156,40.7904166666667,50,59.7,51.69375,17.5583333333333,25,71.25,"Lower middle income","Pop > 500K"
"DNK",2020,"Denmark","Europe & Central Asia","High income","Combined",0.42,49,50,42,55653.58744531497,62529.25105670354,1.84041404724121,0.755094826221466,5831404,87.1191666666667,90,97.6666666666667,70.0125,77.9166666666667,100,100,"Hgh Income & Pop >= 500K","Pop > 500K"
"DOM",2020,"Dominican Republic","Latin America & Caribbean","Upper middle income","Combined",0.56,49,50,56.00000000000001,7571.782820256122,19085.353617948982,-0.281463861465454,0.502766907215118,10999664,64.2825,86.6,70.3333333333333,67.6125,36.8666666666667,60,86.25,"Upper middle income","Pop > 500K"
"DZA",2020,"Algeria","Middle East & North Africa","Lower middle income","Combined",0.3,49,50,30,4422.9794718831445,12848.762613473826,-0.573433458805084,0.534556448459625,43451666,53.40625,80,25.4333333333333,71.70625,49.8916666666667,40,57.5,"Lower middle income","Pop > 500K"
"ECU",2020,"Ecuador","Latin America & Caribbean","Upper middle income","Combined",0.56,49,50,56.00000000000001,5342.739037515825,11498.928866031414,-0.47004047036171,0.594254851341248,17588595,75.7041666666667,100,89.8666666666666,82.9375,60.7166666666667,45,89.375,"Upper middle income","Pop > 500K"
"EGY",2020,"Egypt, Arab Rep.","Middle East & North Africa","Lower middle income","Combined",0.4,49,50,40,3835.784214900045,15494.07882275742,-0.445820093154907,0.494374662637711,107465134,76.8458333333333,100,77.9333333333333,76.5875,69.7083333333333,60,45,"Lower middle income","Pop > 500K"
"ERI",2020,"Eritrea","Sub-Saharan Africa","Low income","Combined",0.1,49,50,10,NA,NA,-1.6431565284729,NA,3555868,NA,16.6,NA,45.08125,NA,15,69.375,"Low income","Pop > 500K"
"ESP",2020,"Spain","Europe & Central Asia","High income","Combined",0.42,49,50,42,24829.648591022185,38967.33991795304,0.854268252849579,0.728255033493042,47365655,86.7704166666667,100,91.2333333333333,73.19375,69.425,100,97.5,"Hgh Income & Pop >= 500K","Pop > 500K"
"EST",2020,"Estonia","Europe & Central Asia","High income","Combined",0.453,49,50,45.300000000000004,20091.045757335618,40045.3846936572,1.29915964603424,0.77720320224762,1329522,84.54625,90,91.8333333333333,70.60625,70.2916666666667,100,97.5,"Hgh Income & Pop >= 500K","Pop > 500K"
"ETH",2020,"Ethiopia","Sub-Saharan Africa","Low income","Combined",0.4,49,50,40,811.2555399092677,2442.2524837193764,-0.589063823223114,0.382784843444824,117190911,50.48375,70,55.8666666666667,74.66875,36.8833333333333,15,80,"Low income","Pop > 500K"
"FIN",2020,"Finland","Europe & Central Asia","High income","Combined",0.48,49,50,48,44984.73445054872,53668.81909168168,1.90141117572784,0.796001017093658,5529543,90.1208333333333,100,95.7,79.2375,75.6666666666667,100,97.5,"Hgh Income & Pop >= 500K","Pop > 500K"
"FJI",2020,"Fiji","East Asia & Pacific","Upper middle income","Combined",0.373,49,50,37.3,4701.331467844604,11168.639896774084,0.589688062667847,0.508573293685913,920422,56.6154166666667,90,29.2333333333333,69.01875,49.825,45,82.5,"Upper middle income","Pop > 500K"
"FRA",2020,"France","Europe & Central Asia","High income","Combined",0.5,49,50,50,35806.61789177725,49494.290084493114,1.2046355009079,0.762737214565277,67571107,87.2166666666667,100,88.7666666666667,78.375,68.9416666666667,100,100,"Hgh Income & Pop >= 500K","Pop > 500K"
"GAB",2020,"Gabon","Sub-Saharan Africa","Upper middle income","Combined",0.22,49,50,22,6619.688602959772,14639.919467855456,-0.993326544761658,0.457612454891205,2292573,30.42875,40,25.5666666666667,50.54375,16.0333333333333,20,57.5,"Upper middle income","Pop > 500K"
"GBR",2020,"United Kingdom","Europe & Central Asia","High income","Combined",0.36,49,50,36,42191.91736657848,48005.87960619596,1.33266663551331,0.782942950725555,67081234,83.55,100,87.3333333333333,76.125,64.2916666666667,90,97.5,"Hgh Income & Pop >= 500K","Pop > 500K"
"GEO",2020,"Georgia","Europe & Central Asia","Upper middle income","Combined",0.52,49,50,52,4659.609253182341,16791.259865446496,0.717011868953705,0.568925797939301,3722716,86.49625,100,91.2333333333333,85.43125,70.8166666666667,85,85.625,"Upper middle income","Pop > 500K"
"GHA",2020,"Ghana","Sub-Saharan Africa","Lower middle income","Combined",0.473,49,50,47.3,1951.0644783552543,5992.317590323056,-0.196662068367004,0.450056403875351,32180401,61.29625,76.6,61.5333333333333,82.95625,40.3916666666667,45,75,"Lower middle income","Pop > 500K"
"GIN",2020,"Guinea","Sub-Saharan Africa","Low income","Combined",0.52,49,50,52,959.4319730135604,3395.094878962898,-0.969850122928619,0.37094247341156,13205153,49.4475,80,61.7666666666667,62.8875,22.5833333333333,20,73.75,"Low income","Pop > 500K"
"GMB",2020,"Gambia, The","Sub-Saharan Africa","Low income","Combined",0.493,49,50,49.3,655.5761192064227,2473.519767954005,-0.787312388420105,0.421570628881455,2573995,47.45375,60,32.7333333333333,78.09375,36.4416666666667,30,69.375,"Low income","Pop > 500K"
"GNB",2020,"Guinea-Bissau","Sub-Saharan Africa","Low income","Combined",0.42,49,50,42,694.2786535972213,2083.8404210439057,-1.46526992321014,NA,2015828,31.9029166666667,46.6,23.6666666666667,59.63125,14.6166666666667,15,40,"Low income","Pop > 500K"
"GNQ",2020,"Equatorial Guinea","Sub-Saharan Africa","Upper middle income","Combined",0.16,49,50,16,5995.905844461843,14709.023755495005,-1.2155157327652,NA,1596049,33.9470833333333,10,59.1,51.96875,23.6666666666667,25,51.875,"Upper middle income","Pop > 500K"
"GRC",2020,"Greece","Europe & Central Asia","High income","Combined",0.44,49,50,44,17283.245723491338,29088.208057775668,0.403194963932037,0.690006494522095,10698599,85.44875,100,88.2,67.14375,71.9,100,97.5,"Hgh Income & Pop >= 500K","Pop > 500K"
"GTM",2020,"Guatemala","Latin America & Caribbean","Upper middle income","Combined",0.5,49,50,50,4124.143538535454,11270.782330310663,-0.712843358516693,0.461270093917847,16858333,68.2616666666667,80,62,76.15,58.1583333333333,65,73.75,"Upper middle income","Pop > 500K"
"GUY",2020,"Guyana","Latin America & Caribbean","Upper middle income","Combined",0.453,49,50,45.300000000000004,9126.791424512458,17036.2899236041,-0.446153789758682,0.495226472616196,797202,51.84375,70,60.9666666666667,59.19375,34.0583333333333,35,86.875,"Upper middle income","Pop > 500K"
"HKG",2020,"Hong Kong SAR, China","East Asia & Pacific","High income","Combined",0.2,49,50,20,41451.28639744305,58187.476407253474,1.61859095096588,0.812756538391113,7481000,NA,80,NA,31.0625,NA,NA,89.375,"Hgh Income & Pop >= 500K","Pop > 500K"
"HND",2020,"Honduras","Latin America & Caribbean","Lower middle income","Combined",0.5,49,50,50,2188.9724619927283,5383.568900525365,-0.645444571971893,0.481023132801056,10121763,60.5445833333333,90,62.2333333333333,77.08125,43.4083333333333,30,75,"Lower middle income","Pop > 500K"
"HRV",2020,"Croatia","Europe & Central Asia","High income","Combined",0.42,49,50,42,13157.972425573666,30688.808453410704,0.425023794174194,0.709693968296051,4047680,73.6733333333333,90,56,66.45,65.9166666666667,90,93.75,"Hgh Income & Pop >= 500K","Pop > 500K"
"HTI",2020,"Haiti","Latin America & Caribbean","Lower middle income","Combined",0.32,49,50,32,1324.28327669834,3085.9030500945746,-2.11304807662964,0.446564912796021,11306801,39.9220833333333,60,17.9333333333333,64.99375,16.6833333333333,40,61.25,"Lower middle income","Pop > 500K"
"HUN",2020,"Hungary","Europe & Central Asia","High income","Combined",0.44,49,50,44,14437.808848085235,35029.913223325595,0.538772940635681,0.683087289333344,9750149,85.76375,100,89.0333333333333,67.39375,72.3916666666667,100,93.75,"Hgh Income & Pop >= 500K","Pop > 500K"
"IDN",2020,"Indonesia","East Asia & Pacific","Lower middle income","Combined",0.48,49,50,48,3780.121634415854,11856.943325570317,0.317363321781158,0.540038466453552,271857970,74.9220833333333,100,91.7333333333333,80.04375,47.8333333333333,55,64.375,"Lower middle income","Pop > 500K"
"IND",2020,"India","South Asia","Lower middle income","Combined",0.36,49,50,36,1814.5615697055678,6997.3583932627125,0.375041097402573,0.493510901927948,1396387127,72.6554166666667,80,88.3333333333333,74.91875,65.025,55,74.375,"Lower middle income","Pop > 500K"
"IRL",2020,"Ireland","Europe & Central Asia","High income","Combined",0.44,49,50,44,79441.7086843532,97066.70605002,1.43574929237366,0.792599022388458,4985382,88.7045833333333,100,96.8,74.93125,71.7916666666667,100,100,"Hgh Income & Pop >= 500K","Pop > 500K"
"IRN",2020,"Iran, Islamic Rep.","Middle East & North Africa","Lower middle income","Combined",0.3,49,50,30,5141.084776493006,14180.353309313852,-1.0171332359314,0.593404471874237,87290193,52.1720833333333,80,29.3,61.26875,60.2916666666667,30,31.25,"Lower middle income","Pop > 500K"
"IRQ",2020,"Iraq","Middle East & North Africa","Upper middle income","Combined",0.36,49,50,36,4170.392048213968,10464.511633355905,-1.30293536186218,0.407643288373947,42556984,41.8445833333333,30,34.0333333333333,71.53125,38.6583333333333,35,45,"Upper middle income","Pop > 500K"
"ISL",2020,"Iceland","Europe & Central Asia","High income","Combined",0.42,49,50,42,52641.72348288027,55796.74546676341,1.47633063793182,0.745281875133514,366463,83.2716666666667,100,86.5666666666667,67.25,62.5416666666667,100,100,"Hgh Income & Pop <= 500K","Pop <= 500K"
"ISR",2020,"Israel","Middle East & North Africa","High income","Combined",0.4,49,50,40,38176.75433725868,41204.477707500126,1.05247342586517,0.733995318412781,9215100,78.7979166666667,100,86.8,64.45625,47.7333333333333,95,80.625,"Hgh Income & Pop >= 500K","Pop > 500K"
"ITA",2020,"Italy","Europe & Central Asia","High income","Combined",0.48,49,50,48,29375.03734083498,44202.23557692104,0.360985457897186,0.727819681167603,59438851,89.6233333333333,100,92.1666666666667,77.7,78.25,100,97.5,"Hgh Income & Pop >= 500K","Pop > 500K"
"JAM",2020,"Jamaica","Latin America & Caribbean","Upper middle income","Combined",0.38,49,50,38,4769.693594176959,9024.006603303485,0.528976261615753,0.534977912902832,2820436,56.4416666666667,60,73.4333333333333,60.475,58.3,30,68.125,"Upper middle income","Pop > 500K"
"JOR",2020,"Jordan","Middle East & North Africa","Upper middle income","Combined",0.52,49,50,52,3784.7625230743733,9523.548171186096,0.0951350033283234,0.553174376487732,10928721,72.3141666666667,80,82.9,80.9625,62.7083333333333,55,46.875,"Upper middle income","Pop > 500K"
"JPN",2020,"Japan","East Asia & Pacific","High income","Combined",0.307,49,50,30.7,34650.79678027662,42438.44646009004,1.54766714572906,0.804714262485504,126261000,88.4266666666667,100,89.8333333333333,76.825,80.475,95,78.75,"Hgh Income & Pop >= 500K","Pop > 500K"
"KAZ",2020,"Kazakhstan","Europe & Central Asia","Upper middle income","Combined",0.42,49,50,42,10974.244641763165,30164.603518411728,0.106133706867695,0.628506422042847,18755666,81.0116666666667,100,88.3333333333333,81.2,65.525,70,69.375,"Upper middle income","Pop > 500K"
"KEN",2020,"Kenya","Sub-Saharan Africa","Lower middle income","Combined",0.48,49,50,48,1616.5024040585515,4813.920139995171,-0.398768901824951,0.546752512454987,51985780,53.8158333333333,70,60.6666666666667,66.1875,32.225,40,83.75,"Lower middle income","Pop > 500K"
"KGZ",2020,"Kyrgyz Republic","Europe & Central Asia","Lower middle income","Combined",0.447,49,50,44.7,1117.703847994617,5294.015746933252,-0.576527297496796,0.596617102622986,6579900,80.675,100,81.5666666666666,83.775,53.0333333333333,85,76.875,"Lower middle income","Pop > 500K"
"KHM",2020,"Cambodia","East Asia & Pacific","Lower middle income","Combined",0.42,49,50,42,1404.1986549977344,4504.247160328062,-0.451601684093475,0.491589874029159,16396860,58.1004166666667,70,61.8333333333333,72.09375,41.575,45,75,"Lower middle income","Pop > 500K"
"KOR",2020,"Korea, Rep.","East Asia & Pacific","High income","Combined",0.42,49,50,42,31378.15793406475,45142.76345054027,1.37035512924194,0.798776268959045,51836239,88.1679166666667,100,92.8333333333333,79.13125,83.875,85,85,"Hgh Income & Pop >= 500K","Pop > 500K"
"KWT",2020,"Kuwait","Middle East & North Africa","High income","Combined",0.253,49,50,25.3,25353.240442293838,40509.39835186278,-0.195052489638329,0.562588036060333,4360444,65.0108333333333,100,65.1666666666667,64.3375,60.55,35,28.75,"Hgh Income & Pop >= 500K","Pop > 500K"
"LAO",2020,"Lao PDR","East Asia & Pacific","Lower middle income","Combined",0.5,49,50,50,2539.1243376935677,7942.722598731199,-0.738060235977173,0.456665337085724,7319399,57.0066666666667,66.6,64.3333333333333,67.55,46.55,40,85.625,"Lower middle income","Pop > 500K"
"LBN",2020,"Lebanon","Middle East & North Africa","Lower middle income","Combined",0.333,49,50,33.300000000000004,6485.726039869148,16373.047986155663,-1.20486307144165,0.515125513076782,5662923,54.72375,60,66.0666666666667,67.79375,49.7583333333333,30,52.5,"Lower middle income","Pop > 500K"
"LBR",2020,"Liberia","Sub-Saharan Africa","Low income","Combined",0.54,49,50,54,612.3842475704499,1679.70544875837,-1.46001219749451,0.319014221429825,5087584,59.2558333333333,90,62.6,70.2375,33.4416666666667,40,81.25,"Low income","Pop > 500K"
"LBY",2020,"Libya","Middle East & North Africa","Upper middle income","Combined",0.1,49,50,10,4041.6359300599324,16261.879022793726,-1.858802318573,NA,6653942,22.91125,20,21.3333333333333,42.90625,10.3166666666667,20,50,"Upper middle income","Pop > 500K"
"LKA",2020,"Sri Lanka","South Asia","Lower middle income","Combined",0.46,49,50,46,4229.749594418543,12940.904505772172,-0.0789144933223724,0.598324298858643,21919000,75.5191666666667,90,81.2333333333333,77.5875,83.775,45,63.125,"Lower middle income","Pop > 500K"
"LSO",2020,"Lesotho","Sub-Saharan Africa","Lower middle income","Combined",0.42,49,50,42,944.2471692193432,2537.7920816846377,-0.979480028152466,0.400392591953278,2254100,53.1229166666667,80,35.5333333333333,62.10625,47.975,40,78.125,"Lower middle income","Pop > 500K"
"LTU",2020,"Lithuania","Europe & Central Asia","High income","Combined",0.44,49,50,44,17247.543693303927,41168.2149817792,1.01503241062164,0.70604795217514,2794885,86.41625,100,92.3333333333333,70.55625,69.1916666666667,100,93.75,"Hgh Income & Pop >= 500K","Pop > 500K"
"LUX",2020,"Luxembourg","Europe & Central Asia","High income","Combined",0.433,49,50,43.3,104616.0346780102,122114.10159932592,1.79281723499298,0.686146140098572,630419,83.905,100,93.6333333333333,64.95,60.9416666666667,100,100,"Hgh Income & Pop >= 500K","Pop > 500K"
"LVA",2020,"Latvia","Europe & Central Asia","High income","Combined",0.433,49,50,43.3,15312.335064978184,33733.065125720466,0.838279902935028,0.70658141374588,1900449,83.7391666666667,100,87.8666666666667,64.8375,65.9916666666667,100,100,"Hgh Income & Pop >= 500K","Pop > 500K"
"MAC",2020,"Macao SAR, China","East Asia & Pacific","High income","Combined",0.2,49,50,20,34410.34579979425,57992.21333998719,1.07522451877594,0.795671582221985,676283,NA,80,NA,29.41875,NA,NA,NA,"Hgh Income & Pop >= 500K","Pop > 500K"
"MAR",2020,"Morocco","Middle East & North Africa","Lower middle income","Combined",0.34,49,50,34,3081.662109375,7681.83544921875,-0.188582316040993,0.504116356372833,36688772,63.16625,60,90.6,76.98125,38.25,50,75.625,"Lower middle income","Pop > 500K"
"MDA",2020,"Moldova","Europe & Central Asia","Upper middle income","Combined",0.5,49,50,50,3188.916916026994,13527.441313096733,-0.545202791690826,0.584153532981873,2635130,82.26125,100,95.3333333333333,63.43125,62.5416666666667,90,87.5,"Upper middle income","Pop > 500K"
"MDG",2020,"Madagascar","Sub-Saharan Africa","Low income","Combined",0.32,49,50,32,433.8382399914943,1528.7824113771453,-1.0527606010437,0.391991019248962,28225177,54.0020833333333,80,63.4333333333333,69.61875,26.9583333333333,30,69.375,"Low income","Pop > 500K"
"MDV",2020,"Maldives","South Asia","Upper middle income","Combined",0.48,49,50,48,7164.307384086376,13103.85051499034,-0.130924180150032,NA,514438,62.8970833333333,70,67.7333333333333,75.84375,55.9083333333333,45,73.75,"Upper middle income","Pop > 500K"
"MEX",2020,"Mexico","Latin America & Caribbean","Upper middle income","Combined",0.6,49,50,60,9279.049495525927,19473.08849068737,-0.269939869642258,0.612949848175049,125998302,87.9970833333333,100,93.3333333333333,87.34375,84.3083333333333,75,88.75,"Upper middle income","Pop > 500K"
"MKD",2020,"North Macedonia","Europe & Central Asia","Upper middle income","Combined",0.533,49,50,53.300000000000004,5743.726494245812,19961.389870891864,0.0283371973782778,0.55734920501709,1856124,77.7220833333333,100,87.8666666666667,65.56875,65.175,70,85,"Upper middle income","Pop > 500K"
"MLI",2020,"Mali","Sub-Saharan Africa","Low income","Combined",0.613,49,50,61.3,745.8859847854025,2351.289606339627,-1.18722105026245,0.318269580602646,21224040,53.72125,66.6,64.3666666666667,72.23125,35.4083333333333,30,63.75,"Low income","Pop > 500K"
"MLT",2020,"Malta","Middle East & North Africa","High income","Combined",0.46,49,50,46,26071.219900612523,46466.92996343218,0.994383156299591,0.709248304367065,515332,78.1625,100,83.0333333333333,53.3125,74.4666666666667,80,88.75,"Hgh Income & Pop >= 500K","Pop > 500K"
"MMR",2020,"Myanmar","East Asia & Pacific","Lower middle income","Combined",0.54,49,50,54,1291.4078088980448,5697.288038459809,-1.01391088962555,0.477652013301849,53423198,65.3975,100,67.3333333333333,80.9875,43.6666666666667,35,58.75,"Lower middle income","Pop > 500K"
"MNE",2020,"Montenegro","Europe & Central Asia","Upper middle income","Combined",0.533,49,50,53.300000000000004,6515.536805604512,21003.781959125037,-0.106561250984669,0.633181810379028,621306,73.1520833333333,100,73.1,75.46875,57.1916666666667,60,85,"Upper middle income","Pop > 500K"
"MNG",2020,"Mongolia","East Asia & Pacific","Lower middle income","Combined",0.52,49,50,52,4106.602683403074,13829.802562999805,-0.420242369174957,0.614397525787354,3294335,81.8545833333333,100,96.9,84.78125,67.5916666666667,60,85,"Lower middle income","Pop > 500K"
"MOZ",2020,"Mozambique","Sub-Saharan Africa","Low income","Combined",0.253,49,50,25.3,584.3149620763442,1393.7567814137356,-0.769691467285156,0.362116664648056,31178239,55.2083333333333,80,57.0333333333333,66.975,32.0333333333333,40,82.5,"Low income","Pop > 500K"
"MRT",2020,"Mauritania","Sub-Saharan Africa","Lower middle income","Combined",0.26,49,50,26,1588.3620340046355,5870.299804702349,-0.838932752609253,0.381546080112457,4498604,49.5179166666667,70,60.9,52.68125,24.0083333333333,40,48.125,"Lower middle income","Pop > 500K"
"MUS",2020,"Mauritius","Sub-Saharan Africa","Upper middle income","Combined",0.36,49,50,36,9362.874358968173,21326.224396378027,0.851257979869843,0.62185925245285,1266014,75.0858333333333,90,86.6666666666667,63.9375,64.825,70,89.375,"Upper middle income","Pop > 500K"
"MWI",2020,"Malawi","Sub-Saharan Africa","Low income","Combined",0.46,49,50,46,562.7830387865313,1560.9613471340683,-0.818331599235535,0.413240641355515,19377061,58.3545833333333,80,63.3333333333333,71.73125,46.7083333333333,30,77.5,"Low income","Pop > 500K"
"MYS",2020,"Malaysia","East Asia & Pacific","Upper middle income","Combined",0.38,49,50,38,10382.727479528197,28045.387355276544,1.02247262001038,0.610976159572601,33199993,72.9370833333333,80,84.2666666666667,78.46875,71.95,50,50,"Upper middle income","Pop > 500K"
"NAM",2020,"Namibia","Sub-Saharan Africa","Upper middle income","Combined",0.34,49,50,34,4152.180647834803,10254.798411968713,0.0419734232127666,0.446437537670136,2489098,53.6383333333333,70,64.7,69.45,34.0416666666667,30,80,"Upper middle income","Pop > 500K"
"NCL",2020,"New Caledonia","East Asia & Pacific","High income","Combined",0.1,49,50,10,NA,NA,NA,NA,271080,NA,70,NA,23.0125,NA,NA,NA,"Hgh Income & Pop <= 500K","Pop <= 500K"
"NER",2020,"Niger","Sub-Saharan Africa","Low income","Combined",0.52,49,50,52,519.6960777994661,1458.939934298186,-0.661067366600037,0.31568518280983,24333639,56.4579166666667,70,59.9333333333333,73.48125,33.875,45,56.875,"Low income","Pop > 500K"
"NGA",2020,"Nigeria","Sub-Saharan Africa","Lower middle income","Combined",0.46,49,50,46,2401.183415154696,5499.384690570112,-1.14423859119415,0.360609829425812,208327405,56.6241666666667,80,67.1333333333333,64.8375,36.15,35,63.125,"Lower middle income","Pop > 500K"
"NIC",2020,"Nicaragua","Latin America & Caribbean","Lower middle income","Combined",0.273,49,50,27.3,1904.4929035938355,6075.558813960535,-0.679471909999847,0.508098244667053,6755895,52.33125,80,60.3333333333333,53.78125,32.5416666666667,35,86.25,"Lower middle income","Pop > 500K"
"NLD",2020,"Netherlands","Europe & Central Asia","High income","Combined",0.46,49,50,46,46303.21886246999,61068.40586211272,1.80571496486664,0.789915025234222,17441500,88.5870833333333,100,97.1,73.89375,71.9416666666667,100,97.5,"Hgh Income & Pop >= 500K","Pop > 500K"
"NOR",2020,"Norway","Europe & Central Asia","High income","Combined",0.42,49,50,42,75287.20595308968,67110.60457055,1.88818657398224,0.771051168441772,5379475,90.4683333333333,100,94.3,79.1,78.9416666666667,100,96.875,"Hgh Income & Pop >= 500K","Pop > 500K"
"NPL",2020,"Nepal","South Asia","Lower middle income","Combined",0.46,49,50,46,1018.1079107627808,4180.436984580062,-0.985539317131042,0.504601776599884,29348627,57.31,80,62.7,77,46.85,20,80.625,"Lower middle income","Pop > 500K"
"NZL",2020,"New Zealand","East Asia & Pacific","High income","Combined",0.36,49,50,36,39596.52661742209,45283.46804962172,1.53899621963501,0.775932431221008,5090200,83.34125,100,93.6333333333333,71.43125,66.6416666666667,85,97.5,"Hgh Income & Pop >= 500K","Pop > 500K"
"OMN",2020,"Oman","Middle East & North Africa","High income","Combined",0.267,49,50,26.700000000000003,17662.242841681953,35001.51467680442,0.104687064886093,0.608116269111633,4543399,63.1679166666667,100,47.7333333333333,54.23125,68.875,45,32.5,"Hgh Income & Pop >= 500K","Pop > 500K"
"PAK",2020,"Pakistan","South Asia","Lower middle income","Combined",0.573,49,50,57.3,1578.4296329288127,5221.4385453039185,-0.570837259292603,0.406070023775101,227196741,63.41375,100,61.8666666666667,80.49375,44.7083333333333,30,55.625,"Lower middle income","Pop > 500K"
"PAN",2020,"Panama","Latin America & Caribbean","High income","Combined",0.46,49,50,46,12307.259204701466,27022.63901297741,0.164778679609299,0.501601994037628,4294396,65.2954166666667,80,65.9333333333333,76.51875,74.025,30,79.375,"Hgh Income & Pop >= 500K","Pop > 500K"
"PER",2020,"Peru","Latin America & Caribbean","Upper middle income","Combined",0.58,49,50,57.99999999999999,5750.200310727892,12387.451345905794,-0.294040530920029,0.6051926612854,33304756,69.0795833333333,90,86.3333333333333,84.00625,50.0583333333333,35,95,"Upper middle income","Pop > 500K"
"PHL",2020,"Philippines","East Asia & Pacific","Lower middle income","Combined",0.46,49,50,46,3195.5388826226404,8230.311614282084,0.068197175860405,0.51596212387085,112190977,79.4820833333333,100,93.7666666666667,78.46875,85.175,40,78.75,"Lower middle income","Pop > 500K"
"PNG",2020,"Papua New Guinea","East Asia & Pacific","Lower middle income","Combined",0.32,49,50,32,2455.1453420797384,3926.7813207176177,-0.827988862991333,0.429185003042221,9749640,44.7820833333333,60,57.8333333333333,65.41875,15.6583333333333,25,60,"Lower middle income","Pop > 500K"
"POL",2020,"Poland","Europe & Central Asia","High income","Combined",0.44,49,50,44,14774.989199307043,36322.0437578784,0.324414283037186,0.753088593482971,37899070,89.2404166666667,100,96.2666666666667,71.74375,78.1916666666667,100,93.75,"Hgh Income & Pop >= 500K","Pop > 500K"
"PRI",2020,"Puerto Rico","Latin America & Caribbean","High income","Combined",0.12,49,50,12,28145.005347436167,36858.97917940275,-0.297928124666214,NA,3281557,NA,80,NA,28.49375,NA,NA,83.75,"Hgh Income & Pop >= 500K","Pop > 500K"
"PRK",2020,"Korea, Dem. People's Rep.","East Asia & Pacific","Low income","Combined",0.18,49,50,18,NA,NA,-1.49044620990753,NA,25867467,NA,30,NA,50.675,NA,NA,NA,"Low income","Pop > 500K"
"PRT",2020,"Portugal","Europe & Central Asia","High income","Combined",0.42,49,50,42,19802.228913466268,35874.78073255351,0.979880332946777,0.768949568271637,10297081,85.64625,100,91.9,73.63125,62.7,100,100,"Hgh Income & Pop >= 500K","Pop > 500K"
"PRY",2020,"Paraguay","Latin America & Caribbean","Upper middle income","Combined",0.5,49,50,50,6095.391375306987,14276.545573565802,-0.56505823135376,0.528180062770844,6618695,64.84375,70,61.5666666666667,82.51875,45.1333333333333,65,94.375,"Upper middle income","Pop > 500K"
"PSE",2020,"West Bank and Gaza","Middle East & North Africa","Lower middle income","Combined",0.5,49,50,50,2922.468010848445,5956.2862006481855,-0.676648795604706,0.579996645450592,4803269,76.85875,80,91.8,68.09375,74.4,70,26.25,"Lower middle income","Pop > 500K"
"PYF",2020,"French Polynesia","East Asia & Pacific","High income","Combined",0.02,49,50,2,18321.527964577148,NA,NA,NA,301920,NA,60,NA,22.20625,NA,NA,NA,"Hgh Income & Pop <= 500K","Pop <= 500K"
"QAT",2020,"Qatar","Middle East & North Africa","High income","Combined",0.3,49,50,30,58476.199431953304,83154.14792180083,0.867235362529755,0.637771606445313,2760385,60.75625,100,64.5333333333333,56.53125,57.7166666666667,25,29.375,"Hgh Income & Pop >= 500K","Pop > 500K"
"ROU",2020,"Romania","Europe & Central Asia","High income","Combined",0.42,49,50,42,10898.921421422165,34293.168510386546,-0.286919236183167,0.584187865257263,19265250,84.4579166666667,100,91.0666666666666,69.28125,71.9416666666667,90,90.625,"Hgh Income & Pop >= 500K","Pop > 500K"
"RUS",2020,"Russian Federation","Europe & Central Asia","Upper middle income","Combined",0.353,49,50,35.3,9632.3251953125,31490.8046875,-0.11094256490469,0.681419610977173,145245148,80.195,93.4,85.8333333333333,66.6,65.1416666666667,90,73.125,"Upper middle income","Pop > 500K"
"RWA",2020,"Rwanda","Sub-Saharan Africa","Low income","Combined",0.54,49,50,54,821.3292613795643,2270.903331741937,0.274038255214691,0.379552751779556,13146362,70.2395833333333,100,73.6333333333333,73.90625,53.6583333333333,50,83.75,"Low income","Pop > 500K"
"SAU",2020,"Saudi Arabia","Middle East & North Africa","High income","Combined",0.28,49,50,28.000000000000004,19235.242268120288,39824.634266567344,0.114084966480732,0.576390504837036,35997107,70.9970833333333,80,81.3666666666667,55.89375,77.725,60,80,"Hgh Income & Pop >= 500K","Pop > 500K"
"SDN",2020,"Sudan","Sub-Saharan Africa","Low income","Combined",0.24,49,50,24,1112.7216796875,3525.5556640625,-1.54020392894745,0.377445191144943,44440486,41.5058333333333,53.4,57.9333333333333,61.5625,24.6333333333333,10,32.5,"Low income","Pop > 500K"
"SEN",2020,"Senegal","Sub-Saharan Africa","Lower middle income","Combined",0.56,49,50,56.00000000000001,1391.0469548947651,3833.5438627606923,-0.0613858476281166,0.420110791921616,16436120,68.2858333333333,80,82.9666666666667,64.2375,49.225,65,66.875,"Lower middle income","Pop > 500K"
"SGP",2020,"Singapore","East Asia & Pacific","High income","Combined",0.26,49,50,26,59144.353918675835,101612.090327577,2.28457260131836,0.879125714302063,5685807,81.20375,100,99.6666666666667,54.79375,71.5583333333333,80,82.5,"Hgh Income & Pop >= 500K","Pop > 500K"
"SLB",2020,"Solomon Islands","East Asia & Pacific","Lower middle income","Combined",0.16,49,50,16,2079.5403064639686,2591.3123117278933,-0.692087948322296,0.419872611761093,691191,41.3116666666667,50,59.4,57.3,14.8583333333333,25,56.875,"Lower middle income","Pop > 500K"
"SLE",2020,"Sierra Leone","Sub-Saharan Africa","Low income","Combined",0.553,49,50,55.300000000000004,608.338120204502,1587.2635029592666,-1.06286656856537,0.36270210146904,8233970,54.015,90,64.4666666666667,66.5,29.1083333333333,20,69.375,"Low income","Pop > 500K"
"SLV",2020,"El Salvador","Latin America & Caribbean","Lower middle income","Combined",0.5,49,50,50,3773.393673670623,9306.030301819765,-0.260907888412476,0.546176612377167,6292731,68.4170833333333,90,79.3333333333333,68.21875,44.5333333333333,60,88.75,"Lower middle income","Pop > 500K"
"SOM",2020,"Somalia","Sub-Saharan Africa","Low income","Combined",0.28,49,50,28.000000000000004,511.87980882648316,1562.087791268688,-2.13139939308167,NA,16537016,30.3308333333333,40,43.7666666666667,56.6125,1.275,10,46.875,"Low income","Pop > 500K"
"SRB",2020,"Serbia","Europe & Central Asia","Upper middle income","Combined",0.6,49,50,60,6552.084390718236,20065.44677184259,-0.0427990965545177,0.676606357097626,6899126,81.1920833333333,100,72.8,81.29375,71.8666666666667,80,93.75,"Upper middle income","Pop > 500K"
"SSD",2020,"South Sudan","Sub-Saharan Africa","Low income","Combined",0.18,49,50,18,NA,NA,-2.3163058757782,0.306520849466324,10606227,29.5145833333333,20,43,53.88125,10.6916666666667,20,67.5,"Low income","Pop > 500K"
"STP",2020,"São Tomé and Príncipe","Sub-Saharan Africa","Lower middle income","Combined",0.3,49,50,30,NA,NA,NA,NA,NA,NA,NA,NA,NA,NA,NA,NA,"Lower middle income",NA
"SUR",2020,"Suriname","Latin America & Caribbean","Upper middle income","Combined",0.44,49,50,44,7275.511596205341,17093.509653862406,-0.578497290611267,NA,607065,57.1933333333333,60,69.1333333333333,60.8,61.0333333333333,35,70.625,"Upper middle income","Pop > 500K"
"SVK",2020,"Slovak Republic","Europe & Central Asia","High income","Combined",0.48,49,50,48,17618.50133970466,35001.74825420624,0.502344250679016,0.664987325668335,5458827,85.9304166666667,90,96.1666666666667,72.29375,71.1916666666667,100,85,"Hgh Income & Pop >= 500K","Pop > 500K"
"SVN",2020,"Slovenia","Europe & Central Asia","High income","Combined",0.433,49,50,43.3,22963.933411023347,42040.90906110209,1.12151610851288,0.774986982345581,2102419,89.1170833333333,100,95.9,78.99375,70.6916666666667,100,96.875,"Hgh Income & Pop >= 500K","Pop > 500K"
"SWE",2020,"Sweden","Europe & Central Asia","High income","Combined",0.473,49,50,47.3,51952.67313283421,57690.324458783376,1.6703794002533,0.79535710811615,10353442,89.58875,100,96.4333333333333,78.84375,72.6666666666667,100,100,"Hgh Income & Pop >= 500K","Pop > 500K"
"SWZ",2020,"Eswatini","Sub-Saharan Africa","Lower middle income","Combined",0.26,49,50,26,3672.6533498756253,9077.231980209084,-0.753389954566956,0.37250080704689,1180655,49.8808333333333,90,20.6,70.4875,28.3166666666667,40,46.25,"Lower middle income","Pop > 500K"
"SYR",2020,"Syrian Arab Republic","Middle East & North Africa","Low income","Combined",0.14,49,50,14.000000000000002,754.5759392650825,3507.0923907656565,-1.75368988513947,NA,20772595,25.4408333333333,16.6,25.2,43.4875,16.9166666666667,25,40,"Low income","Pop > 500K"
"TCD",2020,"Chad","Sub-Saharan Africa","Low income","Combined",0.42,49,50,42,622.2785062805926,1623.257849681039,-1.51056945323944,0.299782782793045,16644701,44.50375,70,57.0333333333333,62.46875,18.0166666666667,15,66.25,"Low income","Pop > 500K"
"TGO",2020,"Togo","Sub-Saharan Africa","Low income","Combined",0.54,49,50,54,828.666926932417,2420.1650609948097,-0.730569243431091,0.431868046522141,8442580,62.40875,90,61.7,76.09375,44.25,40,84.375,"Low income","Pop > 500K"
"THA",2020,"Thailand","East Asia & Pacific","Upper middle income","Combined",0.46,49,50,46,6049.187610586978,19208.200446292256,0.202014088630676,0.609310984611511,71475664,79.2675,100,79.6,82.7625,58.975,75,78.125,"Upper middle income","Pop > 500K"
"TJK",2020,"Tajikistan","Europe & Central Asia","Lower middle income","Combined",0.34,49,50,34,1197.210625050404,3732.8737081542727,-0.759621620178223,0.504116356372833,9543207,56.8754166666667,90,28.3666666666667,72.51875,43.4916666666667,50,78.75,"Lower middle income","Pop > 500K"
"TKM",2020,"Turkmenistan","Europe & Central Asia","Upper middle income","Combined",0.213,49,50,21.3,7744.564031631776,NA,-1.02349519729614,NA,6250438,27.17125,46.6,0.466666666666666,60.45625,13.3333333333333,15,NA,"Upper middle income","Pop > 500K"
"TLS",2020,"Timor-Leste","East Asia & Pacific","Lower middle income","Combined",0.42,49,50,42,1986.8838250001495,6254.99859781323,-0.754795730113983,0.454314529895783,1299995,50.9345833333333,40,60.6333333333333,64.23125,34.8083333333333,55,86.25,"Lower middle income","Pop > 500K"
"TTO",2020,"Trinidad and Tobago","Latin America & Caribbean","High income","Combined",0.313,49,50,31.3,14214.384571052704,23972.048178708403,0.174368306994438,0.603487730026245,1518147,45.7029166666667,60,27.4,57.95625,43.1583333333333,40,75,"Hgh Income & Pop >= 500K","Pop > 500K"
"TUN",2020,"Tunisia","Middle East & North Africa","Lower middle income","Combined",0.4,49,50,40,3708.4566625419875,11734.169861681417,-0.188614159822464,0.516809940338135,12161723,65.93625,90,87.2666666666667,69.63125,52.7833333333333,30,64.375,"Lower middle income","Pop > 500K"
"TUR",2020,"Türkiye","Europe & Central Asia","Upper middle income","Combined",0.48,49,50,48,NA,NA,NA,NA,NA,NA,NA,NA,NA,NA,NA,NA,"Upper middle income",NA
"TZA",2020,"Tanzania","Sub-Saharan Africa","Lower middle income","Combined",0.48,49,50,48,1028.91186523438,3251.58837890625,-0.738110244274139,0.389834702014923,61704518,62.3641666666667,76.6,71.3,72.7625,46.1583333333333,45,81.25,"Lower middle income","Pop > 500K"
"UGA",2020,"Uganda","Sub-Saharan Africa","Low income","Combined",0.6,49,50,60,918.1200978536841,2535.215706635531,-0.616316556930542,0.384176582098007,44404611,66.86875,90,66.6333333333333,80.89375,36.8166666666667,60,73.125,"Low income","Pop > 500K"
"UKR",2020,"Ukraine","Europe & Central Asia","Lower middle income","Combined",0.4,49,50,40,2350.40014648438,15716.841796875,-0.410013139247894,0.631387114524841,44207754,76.8458333333333,100,55.1333333333333,75.1625,58.9333333333333,95,79.375,"Lower middle income","Pop > 500K"
"URY",2020,"Uruguay","Latin America & Caribbean","High income","Combined",0.38,49,50,38,16294.925926665588,25551.337053756673,0.730151116847992,0.59876024723053,3429086,70.6458333333333,100,86.7,75.9375,65.5916666666667,25,88.75,"Hgh Income & Pop >= 500K","Pop > 500K"
"USA",2020,"United States","North America","High income","Combined",0.4,49,50,40,59394.77832710503,64317.39891250404,1.27513825893402,0.701764345169067,331526933,89.565,100,92.7,70.025,85.1,100,91.25,"Hgh Income & Pop >= 500K","Pop > 500K"
"UZB",2020,"Uzbekistan","Europe & Central Asia","Lower middle income","Combined",0.3,49,50,30,3187.048974100862,7516.215663770089,-0.616107642650604,0.622805714607239,34232050,65.4633333333333,60,74.0666666666667,69.075,44.175,80,70.625,"Lower middle income","Pop > 500K"
"VEN",2020,"Venezuela, RB","Latin America & Caribbean",NA,"Combined",0.26,49,50,26,NA,NA,-1.88906502723694,NA,28490453,47.61625,66.6,59.9,52.48125,34.1,25,85,NA,"Pop > 500K"
"VNM",2020,"Vietnam","East Asia & Pacific","Lower middle income","Combined",0.42,49,50,42,NA,NA,NA,NA,NA,NA,NA,NA,NA,NA,NA,NA,"Lower middle income",NA
"VUT",2020,"Vanuatu","East Asia & Pacific","Lower middle income","Combined",0.293,49,50,29.299999999999997,2634.2438839042948,2989.9238313918213,-0.382833212614059,0.454658538103104,311685,41.9579166666667,56.6,59.1333333333333,57.15625,21.9,15,55.625,"Lower middle income","Pop <= 500K"
"WSM",2020,"Samoa","East Asia & Pacific","Lower middle income","Combined",0.44,49,50,44,4223.588172091826,6362.414203560996,0.541092038154602,0.54842168092727706,214929,58.9291666666667,90,67.5333333333333,69.6125,27.5,40,75,"Lower middle income","Pop <= 500K"
"YEM",2020,"Yemen, Rep.","Middle East & North Africa","Low income","Combined",0.22,49,50,22,1057.281685804755,NA,-2.36192989349365,0.372784405946732,32284046,35.5833333333333,66.6,27.5,47.725,16.0916666666667,20,26.875,"Low income","Pop > 500K"
"ZAF",2020,"South Africa","Sub-Saharan Africa","Upper middle income","Combined",0.5,49,50,50,5748.897844880265,13062.672772758988,0.0452405549585819,0.425453394651413,58801927,77.3341666666667,90,86.5333333333333,83.1875,61.95,65,88.125,"Upper middle income","Pop > 500K"
"ZMB",2020,"Zambia","Sub-Saharan Africa","Low income","Combined",0.46,49,50,46,1237.2833031826221,3179.265411082767,-0.824801385402679,0.396927535533905,18927715,60.995,90,67.2666666666667,74.325,33.3833333333333,40,81.25,"Low income","Pop > 500K"
"ZWE",2020,"Zimbabwe","Sub-Saharan Africa","Lower middle income","Combined",0.46,49,50,46,1213.1170572599417,2784.8723945688052,-1.35572576522827,0.46689310669899,15669666,64.9741666666667,90,66.6666666666667,75.5125,42.6916666666667,50,86.875,"Lower middle income","Pop > 500K"
