"iso3c","date","country","region","income_level","goal","ind_quality","ind_number","goal_count","availability","gii","sigi","IQ.SPI.OVRL","IQ.SPI.PIL1","IQ.SPI.PIL2","IQ.SPI.PIL3","IQ.SPI.PIL4","IQ.SPI.PIL5","NY.GDP.PCAP.PP.CD","SP.POP.TOTL","SG.LAW.INDX","NY.GDP.PCAP.KD","HD.HCI.OVRL","GE.EST","outcome","value"
"AFG",2022,"Afghanistan","South Asia","Low income","Combined",0.38,49,50,38,0.665,NA,58.0141666666667,80,59.4333333333333,78.6375,17,55,2092.8799522466174,41128771,31.875,372.615894847401,NA,-1.87955236434937,58.0141666666667,38
"AGO",2022,"Angola","Sub-Saharan Africa","Lower middle income","Combined",0.313,49,50,31.3,0.52,25.9,53.4645833333333,60,60.7666666666667,71.33125,35.225,40,7928.641497538795,35588987,79.375,2385.119955662447,NA,-1.04042935371399,53.4645833333333,31.3
"ALB",2022,"Albania","Europe & Central Asia","Upper middle income","Combined",0.52,49,50,52,0.116,8.9,83.41875,90,69.7666666666667,87.24375,70.0833333333333,100,19492.78309856916,2777689,91.25,5155.290859641511,NA,0.0650628432631493,83.41875,52
"ARE",2022,"United Arab Emirates","Middle East & North Africa","High income","Combined",0.34,49,50,34,0.035,NA,79.545,100,79.5666666666666,71.175,66.9833333333333,80,78915.25475558871,9441129,82.5,45698.01052901144,NA,1.29996228218079,79.545,34
"ARG",2022,"Argentina","Latin America & Caribbean","Upper middle income","Combined",0.56,49,50,56.00000000000001,0.292,17.7,71.7729166666667,70,78.9333333333333,90.15625,59.775,60,29037.489121502113,46234830,79.375,12940.73843521567,NA,-0.282877296209335,71.7729166666667,56.00000000000001
"ARM",2022,"Armenia","Europe & Central Asia","Upper middle income","Combined",0.513,49,50,51.300000000000004,0.198,23.7,82.7858333333333,90,85.4333333333333,86.6375,61.8583333333333,90,20445.09888089303,2780469,87.5,5116.205756294397,NA,-0.314229518175125,82.7858333333333,51.300000000000004
"AUS",2022,"Australia","East Asia & Pacific","High income","Combined",0.44,49,50,44,0.063,15.4,89.94625,90,92.9,82.95625,83.875,100,65365.94851104499,26014399,96.875,60972.870343149756,NA,1.52887463569641,89.94625,44
"AUT",2022,"Austria","Europe & Central Asia","High income","Combined",0.5,49,50,50,0.048,9.8,89.9908333333333,100,89.5333333333333,88.6375,76.7833333333333,95,70975.7206346934,9041851,96.875,46697.85651939127,NA,1.46545016765594,89.9908333333333,50
"AZE",2022,"Azerbaijan","Europe & Central Asia","Upper middle income","Combined",0.4,49,50,40,0.329,29.8,73.4904166666667,80,68.8333333333333,82.54375,66.075,70,22533.494056850795,10141756,78.75,5595.255786715627,NA,-0.0406579151749611,73.4904166666667,40
"BDI",2022,"Burundi","Sub-Saharan Africa","Low income","Combined",0.36,49,50,36,0.499,40.7,50.6641666666667,60,62.8666666666667,79.6625,15.7916666666667,35,917.5060350170847,12889576,76.25,262.18480466159656,NA,-1.26284074783325,50.6641666666667,36
"BEL",2022,"Belgium","Europe & Central Asia","High income","Combined",0.5,49,50,50,0.044,7.4,88.9195833333333,100,86.9333333333333,81.25625,76.4083333333333,100,68274.2006418035,11685814,100,44198.196000252254,NA,1.22765874862671,88.9195833333333,50
"BEN",2022,"Benin","Sub-Saharan Africa","Lower middle income","Combined",0.58,49,50,57.99999999999999,0.649,34.4,62.5679166666667,80,69.7333333333333,83.63125,29.475,50,3957.961212404609,13352864,83.75,1255.607292553854,NA,-0.164296001195908,62.5679166666667,57.99999999999999
"BFA",2022,"Burkina Faso","Sub-Saharan Africa","Low income","Combined",0.58,49,50,57.99999999999999,0.577,25.4,64.8329166666667,80,68.9,81.45625,33.8083333333333,60,2620.5076544193016,22673762,82.5,735.9981318998349,NA,-0.825155377388,64.8329166666667,57.99999999999999
"BGD",2022,"Bangladesh","South Asia","Lower middle income","Combined",0.5,49,50,50,0.498,49.3,69.7445833333333,90,61.9333333333333,85.83125,50.9583333333333,60,8354.715867768611,171186372,49.375,1785.3613167993653,NA,-0.76255190372467,69.7445833333333,50
"BGR",2022,"Bulgaria","Europe & Central Asia","Upper middle income","Combined",0.46,49,50,46,0.206,18.9,83.8795833333334,90,91.3333333333333,75.68125,72.3833333333333,90,35463.55498830438,6465097,90.625,9550.942549657073,NA,-0.270799845457077,83.8795833333334,46
"BHR",2022,"Bahrain","Middle East & North Africa","High income","Combined",0.313,49,50,31.3,0.181,NA,59.3666666666667,80,72.8,52.3,61.7333333333333,30,60652.85050081487,1472233,68.125,24353.07326091146,NA,0.640424907207489,59.3666666666667,31.3
"BHS",2022,"Bahamas, The","Latin America & Caribbean","High income","Combined",0.2,49,50,20,0.333,NA,54.1279166666667,80,27.6666666666667,49.45625,38.5166666666667,75,33637.50479818187,409984,81.25,29477.235853272065,NA,0.424218326807022,54.1279166666667,20
"BIH",2022,"Bosnia and Herzegovina","Europe & Central Asia","Upper middle income","Combined",0.42,49,50,42,0.148,27.1,70.615,70,63.8333333333333,77.45,61.7916666666667,80,20998.522634768455,3233526,85,6270.858487412056,NA,-1.06442642211914,70.615,42
"BLR",2022,"Belarus","Europe & Central Asia","Upper middle income","Combined",0.56,49,50,56.00000000000001,0.096,NA,86.6554166666667,100,85.3666666666667,87.49375,65.4166666666667,95,28406.06614819642,9228071,75.625,6206.648854855598,NA,-0.851105093955994,86.6554166666667,56.00000000000001
"BLZ",2022,"Belize","Latin America & Caribbean","Upper middle income","Combined",0.38,49,50,38,0.454,18.2,61.8566666666667,70,64.6,67.225,62.4583333333333,45,13280.598394184515,405272,79.375,6191.662837467956,NA,-0.356178641319275,61.8566666666667,38
"BOL",2022,"Bolivia","Latin America & Caribbean","Lower middle income","Combined",0.48,49,50,48,0.418,20.6,71.1929166666667,100,66.9333333333333,81.98125,62.05,45,10238.812087808026,12224110,88.75,3134.766321439465,NA,-0.563976764678955,71.1929166666667,48
"BRA",2022,"Brazil","Latin America & Caribbean","Upper middle income","Combined",0.5,49,50,50,0.391,21.6,80.5245833333333,90,87.2,80.15625,75.2666666666667,70,19398.589813344617,215313498,85,8822.04504268033,NA,-0.587532162666321,80.5245833333333,50
"BRB",2022,"Barbados","Latin America & Caribbean","High income","Combined",0.26,49,50,26,0.289,NA,64.6275,100,57.6333333333333,62.1875,48.3166666666667,55,17892.18925715075,281635,80,16947.382214479792,NA,0.428703635931015,64.6275,26
"BRN",2022,"Brunei Darussalam","East Asia & Pacific","High income","Combined",0.32,49,50,32,0.279,NA,64.395,90,71.0333333333333,57.7,53.2416666666667,50,82893.40431991236,449002,53.125,28954.064089609736,NA,1.4222446680069,64.395,32
"BTN",2022,"Bhutan","South Asia","Lower middle income","Combined",0.4,49,50,40,0.334,32.9,59.5870833333333,80,63.9333333333333,75.19375,38.8083333333333,40,15021.728993412957,782455,75,3336.376299156791,NA,0.556007385253906,59.5870833333333,40
"BWA",2022,"Botswana","Sub-Saharan Africa","Upper middle income","Combined",0.333,49,50,33.300000000000004,0.483,31.5,61.1933333333333,50,68.7666666666667,77.8,64.4,45,18516.191337299715,2630296,63.75,6641.569807405485,NA,0.463997155427933,61.1933333333333,33.300000000000004
"CAF",2022,"Central African Republic","Sub-Saharan Africa","Low income","Combined",0.4,49,50,40,NA,48.7,42.615,50,58.6333333333333,68.75,10.6916666666667,25,1112.4459862811034,5579144,77.5,364.6907533807286,NA,-1.7093962430954,42.615,40
"CAN",2022,"Canada","North America","High income","Combined",0.393,49,50,39.300000000000004,0.069,17.5,92.9225,100,92.6,83.6875,88.325,100,62041.56202984064,38939056,100,45227.14473542037,NA,1.56707048416138,92.9225,39.300000000000004
"CHE",2022,"Switzerland","Europe & Central Asia","High income","Combined",0.5,49,50,50,0.018,9.9,88.7966666666667,100,88.4,85.575,80.0083333333333,90,90746.45327860003,8775760,88.125,90057.03594222333,NA,2.04994893074036,88.7966666666667,50
"CHL",2022,"Chile","Latin America & Caribbean","High income","Combined",0.513,49,50,51.300000000000004,0.19,27.2,87.44375,100,85.5666666666667,87.24375,69.4083333333333,95,31586.136898183242,19603733,80,14235.361627472283,NA,0.546773970127106,87.44375,51.300000000000004
"CHN",2022,"China","East Asia & Pacific","Upper middle income","Combined",0.24,49,50,24,0.186,27.1,59.59875,83.4,43.8,77.51875,43.275,50,22499.44266770185,1412175000,78.125,11560.242122133448,NA,0.495032012462616,59.59875,24
"CIV",2022,"Côte d’Ivoire","Sub-Saharan Africa","Lower middle income","Combined",0.62,49,50,62,0.612,17.3,62.2408333333333,80,57.7,79.1375,29.3666666666667,65,7234.226692941995,28160542,95,2399.69993821474,NA,-0.342977225780487,62.2408333333333,62
"CMR",2022,"Cameroon","Sub-Saharan Africa","Lower middle income","Combined",0.473,49,50,47.3,0.555,66.9,54.5004166666667,60,64.1666666666667,82.09375,21.2416666666667,45,5122.6443925205795,27914536,60,1441.7949049762237,NA,-0.881544709205627,54.5004166666667,47.3
"COD",2022,"Congo, Dem. Rep.","Sub-Saharan Africa","Low income","Combined",0.4,49,50,40,0.605,46.9,51.0866666666667,70,62.4333333333333,67.5,15.5,40,1533.743877975392,99010212,78.75,528.7888345048975,NA,-1.74592006206512,51.0866666666667,40
"COG",2022,"Congo, Rep.","Sub-Saharan Africa","Lower middle income","Combined",0.22,49,50,22,0.572,NA,37.4554166666667,50,29.4333333333333,62.59375,20.25,25,6713.963637307906,5970424,58.125,1704.2674841959854,NA,-1.36932182312012,37.4554166666667,22
"COL",2022,"Colombia","Latin America & Caribbean","Upper middle income","Combined",0.6,49,50,60,0.392,23.5,85.8991666666667,100,82.9333333333333,92.3375,74.225,80,21055.66303000021,51874024,84.375,6836.228737424737,NA,0.0144156282767653,85.8991666666667,60
"COM",2022,"Comoros","Sub-Saharan Africa","Lower middle income","Combined",0.38,49,50,38,NA,54.7,NA,50,NA,68.23125,NA,40,3687.6256615308225,836774,65,1362.7780221205928,NA,-1.68251287937164,NA,38
"CPV",2022,"Cabo Verde","Sub-Saharan Africa","Lower middle income","Combined",0.36,49,50,36,0.325,NA,65.6933333333333,80,64.4333333333333,76.05,62.9833333333333,45,8415.15759521377,593149,86.25,3551.248241872344,NA,-0.0262028370052576,65.6933333333333,36
"CRI",2022,"Costa Rica","Latin America & Caribbean","Upper middle income","Combined",0.6,49,50,60,0.232,10.9,89.9241666666667,100,86.3333333333333,93.0875,80.2,90,26181.142017213908,5180829,91.875,13424.464701378021,NA,0.0532664284110069,89.9241666666667,60
"CUB",2022,"Cuba","Latin America & Caribbean","Upper middle income","Combined",0.34,49,50,34,0.3,NA,NA,60,NA,69.675,NA,NA,NA,11212191,NA,7449.68287994077,NA,-0.350331842899323,NA,34
"CYP",2022,"Cyprus","Europe & Central Asia","High income","Combined",0.453,49,50,45.300000000000004,0.253,NA,85.0554166666667,100,88.8,70.49375,70.9833333333333,95,53776.30859375,1251488,94.375,30556.71875,NA,0.730678856372833,85.0554166666667,45.300000000000004
"CZE",2022,"Czech Republic","Europe & Central Asia","High income","Combined",0.453,49,50,45.300000000000004,0.113,15,90.8745833333333,100,88.8333333333333,84.38125,81.1583333333333,100,51701.94914170363,10672118,93.75,20237.29455270729,NA,1.0939074754715,90.8745833333333,45.300000000000004
"DEU",2022,"Germany","Europe & Central Asia","High income","Combined",0.52,49,50,52,0.071,12.4,90.9875,100,94.8666666666667,84.9625,80.1083333333333,95,66616.02224505595,83797985,100,43361.177120432076,NA,1.2898074388504,90.9875,52
"DJI",2022,"Djibouti","Middle East & North Africa","Lower middle income","Combined",0.18,49,50,18,NA,NA,46.5504166666667,50,59.4666666666667,63.76875,14.5166666666667,45,6606.3876803625435,1120849,71.25,2968.251545839782,NA,-0.786164522171021,46.5504166666667,18
"DNK",2022,"Denmark","Europe & Central Asia","High income","Combined",0.44,49,50,44,0.009,15.2,91.61125,90,98.6666666666667,86.45625,82.9333333333333,100,77953.67866131243,5903037,100,60345.55731768028,NA,1.9906097650528,91.61125,44
"DOM",2022,"Dominican Republic","Latin America & Caribbean","Upper middle income","Combined",0.62,49,50,62,0.433,14.8,72.42125,100,67.9666666666667,77.13125,42.0083333333333,75,24363.893374685547,11228821,86.25,8732.080738847822,NA,-0.0677330642938614,72.42125,62
"DZA",2022,"Algeria","Middle East & North Africa","Lower middle income","Combined",0.313,49,50,31.3,0.46,NA,63.1608333333333,80,57.8333333333333,82.0125,45.9583333333333,50,16028.287108715951,44903225,57.5,4602.575608477859,NA,-0.513090252876282,63.1608333333333,31.3
"ECU",2022,"Ecuador","Latin America & Caribbean","Upper middle income","Combined",0.62,49,50,62,0.371,17,79.15,100,89.1,89.8,56.85,60,15117.270630279509,18001000,89.375,6087.535279160459,NA,-0.308546245098114,79.15,62
"EGY",2022,"Egypt, Arab Rep.","Middle East & North Africa","Lower middle income","Combined",0.5,49,50,50,0.389,54.6,79.6004166666667,100,77.1,83.89375,67.0083333333333,70,17769.22373975758,110990103,50.625,4088.897045395653,NA,-0.447546809911728,79.6004166666667,50
"ERI",2022,"Eritrea","Sub-Saharan Africa","Low income","Combined",0.12,49,50,12,NA,NA,NA,36.6,NA,51.65625,NA,10,NA,3684032,69.375,NA,NA,-1.73040449619293,NA,12
"ESP",2022,"Spain","Europe & Central Asia","High income","Combined",0.44,49,50,44,0.059,9,91.4075,100,91.0666666666666,82.8625,83.1083333333333,100,48685.49630882721,47778340,100,27702.7452993409,NA,0.92075788974762,91.4075,44
"EST",2022,"Estonia","Europe & Central Asia","High income","Combined",0.493,49,50,49.3,0.093,13.1,89.5525,90,96.8666666666667,83.8875,77.0083333333333,100,47941.679134186204,1348840,97.5,21140.997219942514,NA,1.34313404560089,89.5525,49.3
"ETH",2022,"Ethiopia","Sub-Saharan Africa","Low income","Combined",0.46,49,50,46,0.494,30.8,61.09375,90,64.5333333333333,81.46875,29.4666666666667,40,2888.736491715796,123379924,80,857.3487001628502,NA,-0.745265185832977,61.09375,46
"FIN",2022,"Finland","Europe & Central Asia","High income","Combined",0.52,49,50,52,0.032,12.1,93.6358333333333,100,96.4333333333333,88.4875,83.2583333333333,100,62599.005559632344,5556106,97.5,46655.165362426815,NA,1.75512683391571,93.6358333333333,52
"FJI",2022,"Fiji","East Asia & Pacific","Upper middle income","Combined",0.353,49,50,35.3,0.332,NA,63.1670833333333,80,63.0666666666667,75.44375,37.325,60,13534.194309137625,929766,82.5,5313.028438155376,NA,0.591782867908478,63.1670833333333,35.3
"FRA",2022,"France","Europe & Central Asia","High income","Combined",0.5,49,50,50,0.084,10.1,90.7841666666667,100,92.1,86.2125,75.6083333333333,100,57594.03401792078,67971311,100,38816.47927956431,NA,1.165806889534,90.7841666666667,50
"GAB",2022,"Gabon","Sub-Saharan Africa","Upper middle income","Combined",0.32,49,50,32,0.524,32.2,42.8245833333333,60,29.8333333333333,66.08125,13.2083333333333,45,21118.86705335309,2388992,95,6637.06610644966,NA,-0.726116597652435,42.8245833333333,32
"GBR",2022,"United Kingdom","Europe & Central Asia","High income","Combined",0.42,49,50,42,0.094,12,87.145,100,87.9666666666667,85.2,72.5583333333333,90,56761.51729821026,67791000,97.5,47343.47437769478,NA,1.23863482475281,87.145,42
"GEO",2022,"Georgia","Europe & Central Asia","Upper middle income","Combined",0.62,49,50,62,0.283,27.6,90.6658333333333,100,91.9666666666667,91.4625,79.9,90,22442.78671775736,3712502,88.125,5736.304495785975,NA,0.650825500488281,90.6658333333333,62
"GHA",2022,"Ghana","Sub-Saharan Africa","Lower middle income","Combined",0.513,49,50,51.300000000000004,0.512,38.2,64.2395833333333,66.6,61.8,88.83125,43.9666666666667,60,7132.783653446879,33475870,75,2046.007618665747,NA,-0.0625455379486084,64.2395833333333,51.300000000000004
"GIN",2022,"Guinea","Sub-Saharan Africa","Low income","Combined",0.5,49,50,50,0.609,34,57.9025,80,62.7666666666667,76.5625,20.1833333333333,50,4087.091751838776,13859341,73.75,994.4369971856423,NA,-0.941579163074493,57.9025,50
"GMB",2022,"Gambia, The","Sub-Saharan Africa","Low income","Combined",0.533,49,50,53.300000000000004,0.585,47.7,64.4391666666667,80,65.5333333333333,89.3875,32.275,55,2969.757200232171,2705992,69.375,688.6527914016898,NA,-0.674558699131012,64.4391666666667,53.300000000000004
"GNB",2022,"Guinea-Bissau","Sub-Saharan Africa","Low income","Combined",0.44,49,50,44,0.631,NA,39.9891666666667,70,23.6666666666667,71.6625,14.6166666666667,20,2486.7175464404168,2105566,51.875,736.9322106384847,NA,-1.48615753650665,39.9891666666667,44
"GNQ",2022,"Equatorial Guinea","Sub-Saharan Africa","Upper middle income","Combined",0.18,49,50,18,NA,NA,39.0141666666667,30,59.5666666666667,58.7125,21.7916666666667,25,19610.176544525773,1674908,51.875,5976.900107500371,NA,-1.29638779163361,39.0141666666667,18
"GRC",2022,"Greece","Europe & Central Asia","High income","Combined",0.46,49,50,46,0.12,18.9,88.7454166666667,100,88.1,78.61875,77.0083333333333,100,38922.47422529724,10426919,100,20287.725303076728,NA,0.447398781776428,88.7454166666667,46
"GTM",2022,"Guatemala","Latin America & Caribbean","Upper middle income","Combined",0.493,49,50,49.3,0.474,25.7,71.9908333333333,80,62,85.8625,62.0916666666667,70,13299.602345271984,17357886,73.75,4504.129222839149,NA,-0.906891822814941,71.9908333333333,49.3
"GUY",2022,"Guyana","Latin America & Caribbean","Upper middle income","Combined",0.473,49,50,47.3,0.416,NA,56.4508333333333,70,62.7333333333333,71.5125,33.0083333333333,45,40337.59901465216,808726,86.875,17646.215923406824,NA,-0.265898406505585,56.4508333333333,47.3
"HKG",2022,"Hong Kong SAR, China","East Asia & Pacific","High income","Combined",0.2,49,50,20,NA,25.9,NA,80,NA,43.81875,NA,NA,68547.63946663213,7346100,91.875,43283.01590196741,NA,1.59022283554077,NA,20
"HND",2022,"Honduras","Latin America & Caribbean","Lower middle income","Combined",0.52,49,50,52,0.413,26,60.9508333333334,90,62.1,84.1375,38.5166666666667,30,6820.087245308128,10432860,75,2489.6023364424095,NA,-0.866467356681824,60.9508333333334,52
"HRV",2022,"Croatia","Europe & Central Asia","High income","Combined",0.42,49,50,42,0.087,16.9,83.14625,90,87.4666666666667,72.30625,70.9583333333333,95,42399.122264753045,3855641,93.75,16712.036051969386,NA,0.581651031970978,83.14625,42
"HTI",2022,"Haiti","Latin America & Caribbean","Lower middle income","Combined",0.24,49,50,24,0.621,46.4,39.5854166666667,50,18,71.59375,13.3333333333333,45,3239.319004764681,11584996,61.25,1247.8923817176496,NA,-2.22696566581726,39.5854166666667,24
"HUN",2022,"Hungary","Europe & Central Asia","High income","Combined",0.44,49,50,44,0.23,15.2,87.9120833333333,100,89,88.24375,72.3166666666667,90,43577.88714060669,9643048,93.75,16345.311087043163,NA,0.534344553947449,87.9120833333333,44
"IDN",2022,"Indonesia","East Asia & Pacific","Lower middle income","Combined",0.42,49,50,42,0.439,44.6,78.9575,100,91.1,90.2125,53.475,60,14445.643155792111,275501339,70.625,4073.5583496207314,NA,0.436999291181564,78.9575,42
"IND",2022,"India","South Asia","Lower middle income","Combined",0.5,49,50,50,0.437,43,74.19625,80,87.7333333333333,86.28125,61.9666666666667,55,9199.567738717473,1417173173,74.375,2098.220931246275,NA,0.370331406593323,74.19625,50
"IRL",2022,"Ireland","Europe & Central Asia","High income","Combined",0.453,49,50,45.300000000000004,0.072,14.3,91.2866666666667,100,96.4,87.15,72.8833333333333,100,133822.75872322297,5127170,100,97316.87750857291,NA,1.54913818836212,91.2866666666667,45.300000000000004
"IRN",2022,"Iran, Islamic Rep.","Middle East & North Africa","Lower middle income","Combined",0.36,49,50,36,0.484,62.9,58.71875,80,29.3,70.66875,68.625,45,16591.264572254317,88550570,31.25,5507.533395007688,NA,-0.882116675376892,58.71875,36
"IRQ",2022,"Iraq","Middle East & North Africa","Upper middle income","Combined",0.46,49,50,46,0.562,60,56.32875,60,64.5333333333333,78.29375,33.8166666666667,45,14199.607361843273,44496122,48.125,4357.865926533411,NA,-1.30191540718079,56.32875,46
"ISL",2022,"Iceland","Europe & Central Asia","High income","Combined",0.42,49,50,42,0.039,NA,86.8829166666667,100,86.3,76.30625,71.8083333333333,100,73471.49970301607,382003,100,57816.36165760042,NA,1.56327533721924,86.8829166666667,42
"ISR",2022,"Israel","Middle East & North Africa","High income","Combined",0.4,49,50,40,0.092,31.6,83.2558333333334,100,91.1,70.8875,59.2916666666667,95,52133.60932475497,9557500,80.625,42710.77822162938,NA,1.23656439781189,83.2558333333334,40
"ITA",2022,"Italy","Europe & Central Asia","High income","Combined",0.46,49,50,46,0.057,9.2,91.8941666666667,100,93,88.7125,77.7583333333333,100,55908.25546929227,58940425,97.5,33364.109046133075,NA,0.449057072401047,91.8941666666667,46
"JAM",2022,"Jamaica","Latin America & Caribbean","Upper middle income","Combined",0.4,49,50,40,0.35,18.4,61.6391666666667,60,72.5666666666667,77.7625,57.8666666666667,40,10826.093463106437,2827377,68.125,5236.790244195761,NA,0.604482173919678,61.6391666666667,40
"JOR",2022,"Jordan","Middle East & North Africa","Upper middle income","Combined",0.52,49,50,52,0.449,58.5,78.165,80,90.3666666666667,87.6,62.8583333333333,70,9871.875152757459,11285869,46.875,3891.2122257983224,NA,0.194713801145554,78.165,52
"JPN",2022,"Japan","East Asia & Pacific","High income","Combined",0.347,49,50,34.699999999999996,0.078,32.9,89.8729166666667,100,90.3,84.88125,79.1833333333333,95,47118.38827482575,125124989,78.75,36202.63927489802,NA,1.61974680423737,89.8729166666667,34.699999999999996
"KAZ",2022,"Kazakhstan","Europe & Central Asia","Upper middle income","Combined",0.4,49,50,40,0.177,20.9,78.1908333333333,90,89.2666666666667,89.3875,62.3,60,36595.40669278011,19634983,75.625,11283.416094686638,NA,0.143430486321449,78.1908333333333,40
"KEN",2022,"Kenya","Sub-Saharan Africa","Lower middle income","Combined",0.62,49,50,62,0.533,32.9,66.3133333333333,90,60.1,76.6,34.8666666666667,70,5902.091973911856,54027487,83.75,1754.585480358889,NA,-0.300569444894791,66.3133333333333,62
"KGZ",2022,"Kyrgyz Republic","Europe & Central Asia","Lower middle income","Combined",0.467,49,50,46.7,0.345,29.4,81.4558333333333,100,81.0333333333333,91.8375,54.4083333333333,80,6572.38276138415,6974900,76.875,1212.2337404882267,NA,-0.889000654220581,81.4558333333333,46.7
"KHM",2022,"Cambodia","East Asia & Pacific","Lower middle income","Combined",0.52,49,50,52,0.486,21.7,64.3466666666667,80,63.6333333333333,81.05,42.05,55,5202.677724581661,16767842,81.25,1488.814550841051,NA,-0.351662397384644,64.3466666666667,52
"KOR",2022,"Korea, Rep.","East Asia & Pacific","High income","Combined",0.42,49,50,42,0.062,19.8,87.8425,100,92.0666666666666,82.9625,79.1833333333333,85,51621.92926339371,51672569,88.125,33690.37887930456,NA,1.34957349300385,87.8425,42
"KWT",2022,"Kuwait","Middle East & North Africa","High income","Combined",0.22,49,50,22,0.199,NA,69.1904166666667,100,63.1666666666667,66.24375,61.5416666666667,55,56181.70770102323,4268873,38.125,27953.339425362654,NA,0.112373597919941,69.1904166666667,22
"LAO",2022,"Lao PDR","East Asia & Pacific","Lower middle income","Combined",0.36,49,50,36,0.467,25.1,60.3954166666667,76.6,65.5,79.21875,40.6583333333333,40,8793.557550771156,7529475,85.625,2599.2048876829044,NA,-0.595122039318085,60.3954166666667,36
"LBN",2022,"Lebanon","Middle East & North Africa","Lower middle income","Combined",0.353,49,50,35.3,0.365,57.1,58.4883333333333,60,61.5666666666667,79.575,51.3,40,12852.666020115446,5489739,58.75,6183.243914542549,NA,-1.45865571498871,58.4883333333333,35.3
"LBR",2022,"Liberia","Sub-Saharan Africa","Low income","Combined",0.44,49,50,44,0.656,38.3,64.8945833333333,90,65.6666666666667,82.33125,26.475,60,1712.6832465107877,5302681,81.25,646.5011616566492,NA,-1.43825364112854,64.8945833333333,44
"LBY",2022,"Libya","Middle East & North Africa","Upper middle income","Combined",0.14,49,50,14.000000000000002,0.266,NA,24.36625,20,25.6333333333333,53.58125,7.61666666666667,15,19487.901016105556,6812341,50,10140.738170400062,NA,-1.75491416454315,24.36625,14.000000000000002
"LKA",2022,"Sri Lanka","South Asia","Lower middle income","Combined",0.38,49,50,38,0.376,53.4,79.0504166666667,100,81.8333333333333,78.01875,80.4,55,14182.308178189356,22181000,65.625,4035.652667053798,NA,-0.391204476356506,79.0504166666667,38
"LSO",2022,"Lesotho","Sub-Saharan Africa","Lower middle income","Combined",0.4,49,50,40,0.552,37.5,57.4625,80,29.3666666666667,76.2875,41.6583333333333,60,2699.990941321784,2305825,78.125,952.2528378196121,NA,-0.890573918819427,57.4625,40
"LTU",2022,"Lithuania","Europe & Central Asia","High income","Combined",0.513,49,50,51.300000000000004,0.098,12.3,88.12375,90,91.0666666666666,82.31875,77.2333333333333,100,50997.27897102712,2831639,93.75,18535.07796634781,NA,0.994318783283234,88.12375,51.300000000000004
"LUX",2022,"Luxembourg","Europe & Central Asia","High income","Combined",0.453,49,50,45.300000000000004,0.043,NA,87.8416666666667,100,93.4,81.675,64.1333333333333,100,146457.02054398553,653103,100,109714.92431612939,NA,1.77271509170532,87.8416666666667,45.300000000000004
"LVA",2022,"Latvia","Europe & Central Asia","High income","Combined",0.493,49,50,49.3,0.142,12.8,88.80625,100,97.0666666666667,76.05625,70.9083333333333,100,41106.52706571493,1879383,100,17014.619093548372,NA,0.691895127296448,88.80625,49.3
"MAC",2022,"Macao SAR, China","East Asia & Pacific","High income","Combined",0.18,49,50,18,NA,NA,NA,80,NA,37.725,NA,NA,61270.12421819859,695168,NA,32503.60383023822,NA,1.10533332824707,NA,18
"MAR",2022,"Morocco","Middle East & North Africa","Lower middle income","Combined",0.42,49,50,42,0.44,49.3,72.2604166666667,80,89.6,85.91875,60.7833333333333,45,9205.3359375,37457971,75.625,3300.7998046875,NA,-0.131649643182755,72.2604166666667,42
"MDA",2022,"Moldova","Europe & Central Asia","Upper middle income","Combined",0.54,49,50,54,0.156,11,82.7691666666667,90,95.4,75.4625,67.9833333333333,85,16301.76568699708,2538894,87.5,3581.7197254770936,NA,-0.307013601064682,82.7691666666667,54
"MDG",2022,"Madagascar","Sub-Saharan Africa","Low income","Combined",0.453,49,50,45.300000000000004,0.574,41,53.7475,60,60.5666666666667,78.1625,25.0083333333333,45,1781.7828117518673,29611714,69.375,453.8581470116518,NA,-0.987728238105774,53.7475,45.300000000000004
"MDV",2022,"Maldives","South Asia","Upper middle income","Combined",0.38,49,50,38,0.328,NA,61.8154166666667,70,63.8666666666667,82.51875,57.6916666666667,35,22900.058817074678,523787,73.75,11035.582470084064,NA,-0.134175449609756,61.8154166666667,38
"MEX",2022,"Mexico","Latin America & Caribbean","Upper middle income","Combined",0.66,49,50,66,0.352,21.9,88.5641666666667,100,93.4,92.9625,81.4583333333333,75,23859.12564288722,127504125,88.75,10078.602541946602,NA,-0.280898958444595,88.5641666666667,66
"MKD",2022,"North Macedonia","Europe & Central Asia","Upper middle income","Combined",0.573,49,50,57.3,0.134,22,83.4616666666667,100,87.5,74.55,75.2583333333333,80,24179.57244245657,1831712,85,6217.951641204279,NA,-0.0810714960098267,83.4616666666667,57.3
"MLI",2022,"Mali","Sub-Saharan Africa","Low income","Combined",0.6,49,50,60,0.607,52.8,59.14125,80,60.7333333333333,82.55625,27.4166666666667,45,2576.6591046157196,22593590,63.75,747.1529264728193,NA,-1.19682347774506,59.14125,60
"MLT",2022,"Malta","Middle East & North Africa","High income","Combined",0.453,49,50,45.300000000000004,0.117,19.4,80.2520833333333,100,86.1,65.56875,74.5916666666667,75,59284.26557414313,531113,91.25,30760.63550072041,NA,0.80439019203186,80.2520833333333,45.300000000000004
"MMR",2022,"Myanmar","East Asia & Pacific","Lower middle income","Combined",0.44,49,50,44,0.479,47,71.9575,100,67.3666666666667,85.3375,42.0833333333333,65,5682.541332412384,54179306,58.75,1165.605522694084,NA,-1.68404102325439,71.9575,44
"MNE",2022,"Montenegro","Europe & Central Asia","Upper middle income","Combined",0.533,49,50,53.300000000000004,0.114,13,78.0541666666667,100,69.8666666666667,83.2125,57.1916666666667,80,28319.588946137927,617213,85,7889.237633106137,NA,-0.0270149894058704,78.0541666666667,53.300000000000004
"MNG",2022,"Mongolia","East Asia & Pacific","Lower middle income","Combined",0.64,49,50,64,0.297,13.1,84.045,100,97.1666666666667,89.65,73.4083333333333,60,16559.074533300794,3398366,90.625,4249.675014062045,NA,-0.424908697605133,84.045,64
"MOZ",2022,"Mozambique","Sub-Saharan Africa","Low income","Combined",0.273,49,50,27.3,0.477,19.2,58.6904166666667,70,59.7,76.51875,32.2333333333333,55,1565.549232864833,32969518,82.5,590.3689083799867,NA,-0.714270293712616,58.6904166666667,27.3
"MRT",2022,"Mauritania","Sub-Saharan Africa","Lower middle income","Combined",0.4,49,50,40,0.603,67.4,58.8591666666667,80,63.2,66.6125,24.4833333333333,60,6644.77519950536,4736139,48.125,1616.9818032846772,NA,-0.701024174690247,58.8591666666667,40
"MUS",2022,"Mauritius","Sub-Saharan Africa","Upper middle income","Combined",0.38,49,50,38,0.369,NA,77.3091666666667,90,85.5,80.9375,60.1083333333333,70,26579.756092180025,1262523,89.375,10570.427525284817,NA,0.750284731388092,77.3091666666667,38
"MWI",2022,"Malawi","Sub-Saharan Africa","Low income","Combined",0.46,49,50,46,0.579,31.5,64.8141666666667,90,62,80.5875,46.4833333333333,45,1820.4522326776992,20405317,80,554.1985772017047,NA,-0.840930998325348,64.8141666666667,46
"MYS",2022,"Malaysia","East Asia & Pacific","Upper middle income","Combined",0.42,49,50,42,0.202,60.7,76.62125,80,87.6,85.08125,75.425,55,35040.310093189386,33938221,50,11399.39713735103,NA,0.993270576000214,76.62125,42
"NAM",2022,"Namibia","Sub-Saharan Africa","Upper middle income","Combined",0.38,49,50,38,0.45,27.6,55.7708333333333,60,62.6666666666667,77.5875,23.6,55,11987.413026986802,2567012,80,4394.3970993933945,NA,0.0394995212554932,55.7708333333333,38
"NCL",2022,"New Caledonia","East Asia & Pacific","High income","Combined",0.14,49,50,14.000000000000002,NA,NA,NA,80,NA,31.5875,NA,NA,NA,269215,NA,NA,NA,NA,NA,14.000000000000002
"NER",2022,"Niger","Sub-Saharan Africa","Low income","Combined",0.46,49,50,46,0.609,60.1,65.2695833333333,90,60.7666666666667,84.83125,30.75,60,1775.5965442762063,26207977,53.75,547.4201513341767,NA,-0.639215767383575,65.2695833333333,46
"NGA",2022,"Nigeria","Sub-Saharan Africa","Lower middle income","Combined",0.56,49,50,56.00000000000001,0.677,43.9,58.6095833333333,80,63.8333333333333,77.75625,31.4583333333333,40,6069.187109058276,218541212,66.25,2449.587980874729,NA,-1.03512346744537,58.6095833333333,56.00000000000001
"NIC",2022,"Nicaragua","Latin America & Caribbean","Lower middle income","Combined",0.313,49,50,31.3,0.397,21.2,52.7279166666667,60,61.1,64.23125,23.3083333333333,55,7526.290384161295,6948392,86.25,2119.3951792230578,NA,-1.03581631183624,52.7279166666667,31.3
"NLD",2022,"Netherlands","Europe & Central Asia","High income","Combined",0.46,49,50,46,0.025,9.5,92.8254166666667,100,96.9,87.76875,79.4583333333333,100,74541.79924025525,17700982,100,50546.78937281694,NA,1.57946932315826,92.8254166666667,46
"NOR",2022,"Norway","Europe & Central Asia","High income","Combined",0.473,49,50,47.3,0.012,6.7,93.4958333333333,100,97.1333333333333,87.2375,83.1083333333333,100,124252.83259482907,5457127,96.875,79434.62564515752,NA,1.94218063354492,93.4958333333333,47.3
"NPL",2022,"Nepal","South Asia","Lower middle income","Combined",0.44,49,50,44,0.495,30.6,61.9845833333333,80,62.8333333333333,85.45625,36.6333333333333,45,4959.883464724934,30547580,80.625,1083.2203776893907,NA,-0.917344748973846,61.9845833333333,44
"NZL",2022,"New Zealand","East Asia & Pacific","High income","Combined",0.353,49,50,35.3,0.082,14,88.7429166666667,100,92.4333333333333,82.88125,78.4,90,52327.699124600666,5117200,97.5,42320.89243907601,NA,1.34053194522858,88.7429166666667,35.3
"OMN",2022,"Oman","Middle East & North Africa","High income","Combined",0.327,49,50,32.7,0.267,NA,66.13125,100,46.6,61.23125,67.825,55,42938.44457428819,4576298,35.625,18856.875237347755,NA,0.0220412891358137,66.13125,32.7
"PAK",2022,"Pakistan","South Asia","Lower middle income","Combined",0.6,49,50,60,0.522,59.7,71.1333333333333,100,61.9333333333333,86.825,46.9083333333333,60,6112.324720339505,235824862,58.75,1696.9564903543246,NA,-0.623640716075897,71.1333333333333,60
"PAN",2022,"Panama","Latin America & Caribbean","High income","Combined",0.48,49,50,48,0.392,15.2,70.4866666666667,80,65.9666666666667,87.35,64.1166666666667,55,36169.58621070296,4408581,79.375,15388.05586489037,NA,-0.127450808882713,70.4866666666667,48
"PER",2022,"Peru","Latin America & Caribbean","Upper middle income","Combined",0.62,49,50,62,0.36,18.6,73.2716666666667,90,87.3333333333333,90.925,53.1,45,16363.086394311307,34049588,95,6549.334830345576,NA,-0.39776611328125,73.2716666666667,62
"PHL",2022,"Philippines","East Asia & Pacific","Lower middle income","Combined",0.52,49,50,52,0.388,49.7,83.3779166666667,100,90.6333333333333,89.80625,81.45,55,9983.287752984053,115559009,78.75,3528.330428345234,NA,0.0647772029042244,83.3779166666667,52
"PNG",2022,"Papua New Guinea","East Asia & Pacific","Lower middle income","Combined",0.38,49,50,38,0.604,NA,45.9820833333333,60,59.2,70.59375,10.1166666666667,30,4409.232630645928,10142619,60,2462.549091555052,NA,-0.807290256023407,45.9820833333333,38
"POL",2022,"Poland","Europe & Central Asia","High income","Combined",0.46,49,50,46,0.105,18.5,91.5725,90,97.0666666666667,86.8375,83.9583333333333,100,46720.57301430669,36821749,93.75,17178.668342845936,NA,0.25948902964592,91.5725,46
"PRI",2022,"Puerto Rico","Latin America & Caribbean","High income","Combined",0.12,49,50,12,NA,NA,NA,60,NA,35.38125,NA,NA,45559.20454281516,3220113,83.75,29819.888444392986,NA,-0.482191681861877,NA,12
"PRK",2022,"Korea, Dem. People's Rep.","East Asia & Pacific","Low income","Combined",0.1,49,50,10,NA,NA,NA,30,NA,51.60625,NA,NA,NA,26069416,NA,NA,NA,-1.46298551559448,NA,10
"PRT",2022,"Portugal","Europe & Central Asia","High income","Combined",0.5,49,50,50,0.076,9.5,89.31375,90,93.0666666666666,87.39375,76.1083333333333,100,44484.29725157573,10409704,100,22125.939194710907,NA,1.00159108638763,89.31375,50
"PRY",2022,"Paraguay","Latin America & Caribbean","Upper middle income","Combined",0.42,49,50,42,0.429,20.6,75.83375,90,69.3666666666667,87.74375,57.0583333333333,75,16284.695300967198,6780744,94.375,6199.600382310346,NA,-0.613315761089325,75.83375,42
"PSE",2022,"West Bank and Gaza","Middle East & North Africa","Lower middle income","Combined",0.58,49,50,57.99999999999999,NA,51,83.3675,100,92.0666666666666,73.1125,66.6583333333333,85,6158.160093085799,5043612,26.25,3099.9609010367967,NA,-0.900952577590942,83.3675,57.99999999999999
"PYF",2022,"French Polynesia","East Asia & Pacific","High income","Combined",0.02,49,50,2,NA,NA,NA,60,NA,24.05,NA,NA,NA,306279,NA,19262.613199834108,NA,NA,NA,2
"QAT",2022,"Qatar","Middle East & North Africa","High income","Combined",0.36,49,50,36,0.212,60.1,70.6495833333333,100,62.1,67.38125,58.7666666666667,65,121124.66344570734,2695122,29.375,63428.364094817836,NA,1.13682854175568,70.6495833333333,36
"ROU",2022,"Romania","Europe & Central Asia","High income","Combined",0.48,49,50,48,0.23,15.7,84.3229166666667,90,94.2,76.53125,75.8833333333333,85,42973.18965527625,19047009,90.625,12131.736253190755,NA,4.70589620817918e-5,84.3229166666667,48
"RUS",2022,"Russian Federation","Europe & Central Asia","Upper middle income","Combined",0.373,49,50,37.3,0.178,NA,84.0704166666667,93.4,87.6333333333333,76.49375,72.825,90,40957.76953125,144236933,73.125,10030.0390625,NA,-0.695411026477814,84.0704166666667,37.3
"RWA",2022,"Rwanda","Sub-Saharan Africa","Low income","Combined",0.54,49,50,54,0.4,19,70.5795833333333,90,70.6333333333333,79.50625,52.7583333333333,60,3065.1453603084997,13776698,83.75,939.7281495352714,NA,0.232485979795456,70.5795833333333,54
"SAU",2022,"Saudi Arabia","Middle East & North Africa","High income","Combined",0.36,49,50,36,0.229,59.2,80.7658333333333,100,88.1666666666667,71.5875,79.075,65,54251.63790441034,36408820,71.25,21478.816533712095,NA,0.583050787448883,80.7658333333333,36
"SDN",2022,"Sudan","Sub-Saharan Africa","Low income","Combined",0.32,49,50,32,0.548,64.6,43.57875,53.4,57.9333333333333,67.79375,18.7666666666667,20,3532.0703125,46874204,32.5,1025.3212890625,NA,-1.70530915260315,43.57875,32
"SEN",2022,"Senegal","Sub-Saharan Africa","Lower middle income","Combined",0.58,49,50,57.99999999999999,0.505,40.3,72.20625,80,82,78.45625,45.575,75,4612.688266188605,17316449,72.5,1460.494903303962,NA,-0.00124927773140371,72.20625,57.99999999999999
"SGP",2022,"Singapore","East Asia & Pacific","High income","Combined",0.3,49,50,30,0.036,45,86.5579166666667,100,99.7333333333333,64.13125,88.925,80,141796.1019985511,5637022,82.5,67948.89282715136,NA,2.14482593536377,86.5579166666667,30
"SLB",2022,"Solomon Islands","East Asia & Pacific","Lower middle income","Combined",0.2,49,50,20,NA,NA,48.1975,50,59.2666666666667,65.8125,15.9083333333333,50,2907.6428164803206,724273,56.875,2084.347055552292,NA,-0.674787521362305,48.1975,20
"SLE",2022,"Sierra Leone","Sub-Saharan Africa","Low income","Combined",0.533,49,50,53.300000000000004,0.613,47.8,59.1995833333334,80,65.3333333333333,78.95625,31.7083333333333,40,1759.7458829351613,8605718,72.5,626.9020435102716,NA,-1.16025280952454,59.1995833333334,53.300000000000004
"SLV",2022,"El Salvador","Latin America & Caribbean","Lower middle income","Combined",0.52,49,50,52,0.369,19.6,73.7608333333333,90,78.8,78.2875,51.7166666666667,70,11743.43732803299,6336392,88.75,4310.910798631582,NA,-0.320332825183868,73.7608333333333,52
"SOM",2022,"Somalia","Sub-Saharan Africa","Low income","Combined",0.3,49,50,30,0.674,51.3,48.3833333333333,80,47.8666666666667,69.7,4.35,40,1554.6032292479053,17597511,46.875,509.0750210018716,NA,-2.02636790275574,48.3833333333333,30
"SRB",2022,"Serbia","Europe & Central Asia","Upper middle income","Combined",0.64,49,50,64,0.119,14.7,80.8358333333333,100,74.5333333333333,86.0875,73.5583333333333,70,25057.41951866464,6664449,93.75,7493.161801600277,NA,0.0656684786081314,80.8358333333333,64
"SSD",2022,"South Sudan","Sub-Saharan Africa","Low income","Combined",0.22,49,50,22,NA,38,33.8304166666667,40,37.7666666666667,53.91875,7.46666666666667,30,NA,10913164,67.5,NA,NA,-2.3898651599884,33.8304166666667,22
"STP",2022,"São Tomé and Príncipe","Sub-Saharan Africa","Lower middle income","Combined",0.3,49,50,30,NA,NA,54.8291666666667,60,60.9,69.2375,49.0083333333333,35,5994.002202970432,227380,83.125,1395.1575280269165,NA,-0.843731462955475,54.8291666666667,30
"SUR",2022,"Suriname","Latin America & Caribbean","Upper middle income","Combined",0.38,49,50,38,0.405,NA,61.5175,50,69.1666666666667,69.5625,58.8583333333333,60,20061.353828832733,618040,70.625,7141.960436057145,NA,-0.943955838680267,61.5175,38
"SVK",2022,"Slovak Republic","Europe & Central Asia","High income","Combined",0.5,49,50,50,0.184,14.2,89.14,90,94.4666666666667,85.275,75.9583333333333,100,41057.092220918756,5431752,85,18898.042844063802,NA,0.378621488809586,89.14,50
"SVN",2022,"Slovenia","Europe & Central Asia","High income","Combined",0.473,49,50,47.3,0.049,17.6,92.5333333333333,100,97.5333333333333,87.075,78.0583333333333,100,51281.85751026688,2111986,96.875,25349.75855335148,NA,1.0690666437149,92.5333333333333,47.3
"SWE",2022,"Sweden","Europe & Central Asia","High income","Combined",0.46,49,50,46,0.023,8.8,92.2279166666667,100,96,86.43125,78.7083333333333,100,68088.1932665107,10486941,100,55894.161942414736,NA,1.57297706604004,92.2279166666667,46
"SWZ",2022,"Eswatini","Sub-Saharan Africa","Lower middle income","Combined",0.38,49,50,38,0.491,NA,51.6654166666667,80,22.3333333333333,71.69375,24.3,60,10887.003868893204,1201670,46.25,4012.940449617434,NA,-0.686120450496674,51.6654166666667,38
"SYR",2022,"Syrian Arab Republic","Middle East & North Africa","Low income","Combined",0.16,49,50,16,0.487,NA,31.9204166666667,36.6,23.0666666666667,54.96875,14.9666666666667,30,NA,22125249,40,NA,NA,-1.75204491615295,31.9204166666667,16
"TCD",2022,"Chad","Sub-Saharan Africa","Low income","Combined",0.46,49,50,46,0.671,45,49.2470833333333,63.4,59.2,75.84375,17.7916666666667,30,1881.9913112267961,17723315,66.25,593.7719296389289,NA,-1.42290568351746,49.2470833333333,46
"TGO",2022,"Togo","Sub-Saharan Africa","Low income","Combined",0.4,49,50,40,0.578,36.8,66.6816666666667,90,63.6666666666667,87.05,32.6916666666667,60,2927.3357593422184,8848699,81.875,886.265439065731,NA,-0.64258873462677,66.6816666666667,40
"THA",2022,"Thailand","East Asia & Pacific","Upper middle income","Combined",0.54,49,50,54,0.31,33.9,82.5141666666667,100,81.3,91.4625,54.8083333333333,85,22213.799374711358,71697030,78.125,6275.926584109547,NA,0.128285065293312,82.5141666666667,54
"TJK",2022,"Tajikistan","Europe & Central Asia","Lower middle income","Combined",0.22,49,50,22,0.269,40,53.4270833333333,80,29.1666666666667,81.71875,46.25,30,4614.424213549867,9952787,78.75,1356.317214386767,NA,-0.756126046180725,53.4270833333333,22
"TKM",2022,"Turkmenistan","Europe & Central Asia","Upper middle income","Combined",0.26,49,50,26,NA,NA,31.355,60,0.466666666666666,69.625,11.6833333333333,15,NA,6430770,NA,8489.722265636363,NA,-1.1583536863327,31.355,26
"TLS",2022,"Timor-Leste","East Asia & Pacific","Lower middle income","Combined",0.3,49,50,30,0.415,NA,59.8604166666667,80,61,64.54375,28.7583333333333,65,5838.241590130221,1341296,86.25,1611.4686575542698,NA,-0.767780125141144,59.8604166666667,30
"TTO",2022,"Trinidad and Tobago","Latin America & Caribbean","High income","Combined",0.353,49,50,35.3,0.264,25.3,55.4458333333333,60,61.2,64.1625,36.8666666666667,55,29910.142636703033,1531044,75,14155.174234470454,NA,-0.0251202769577503,55.4458333333333,35.3
"TUN",2022,"Tunisia","Middle East & North Africa","Lower middle income","Combined",0.5,49,50,50,0.237,46.5,75.1266666666667,90,89.4666666666667,82.75,58.4166666666667,55,13253.39062080409,12356117,64.375,3917.6320865584958,NA,-0.299408107995987,75.1266666666667,50
"TUR",2022,"Türkiye","Europe & Central Asia","Upper middle income","Combined",0.56,49,50,56.00000000000001,0.259,24,87.7141666666667,100,86.8,94.1875,57.5833333333333,100,38355.153967209604,84979913,82.5,14055.105564877724,NA,-0.19902965426445,87.7141666666667,56.00000000000001
"TZA",2022,"Tanzania","Sub-Saharan Africa","Lower middle income","Combined",0.62,49,50,62,0.513,49.6,67.3341666666667,90,70.7,76.5875,44.3833333333333,55,3751.16674804688,65497748,81.25,1057.73901367188,NA,-0.42673471570015,67.3341666666667,62
"UGA",2022,"Uganda","Sub-Saharan Africa","Low income","Combined",0.48,49,50,48,0.527,27.4,70.7416666666667,100,65.4,81.55,36.7583333333333,70,2920.664770187516,47249585,81.25,934.3408389644899,NA,-0.583969175815582,70.7416666666667,48
"UKR",2022,"Ukraine","Europe & Central Asia","Lower middle income","Combined",0.4,49,50,40,0.188,16.3,78.8691666666667,100,53.8,87.0625,58.4833333333333,95,16080.228515625,38000000,85,2042.63903808594,NA,-0.496294170618057,78.8691666666667,40
"URY",2022,"Uruguay","Latin America & Caribbean","High income","Combined",0.433,49,50,43.3,0.24,19.4,77.7483333333333,100,87.9333333333333,89.075,56.7333333333333,55,32746.315276439986,3422794,88.75,18044.047417051286,NA,0.849962711334229,77.7483333333333,43.3
"USA",2022,"United States","North America","High income","Combined",0.4,49,50,40,0.18,19.1,92.79,100,93.6,85.95,84.4,100,77246.6738828675,333271411,91.25,63720.76416119593,NA,1.25599312782288,92.79,40
"UZB",2022,"Uzbekistan","Europe & Central Asia","Lower middle income","Combined",0.5,49,50,50,0.242,NA,70.5716666666667,80,74.7333333333333,78.7,44.425,75,9042.343916228392,35648100,70.625,3473.3616434752907,NA,-0.329515904188156,70.5716666666667,50
"VEN",2022,"Venezuela, RB","Latin America & Caribbean",NA,"Combined",0.2,49,50,20,0.521,16.5,52.25,80,59.9,62.25,34.1,25,NA,28301696,85,NA,NA,-1.68818092346191,52.25,20
"VNM",2022,"Vietnam","East Asia & Pacific","Lower middle income","Combined",0.52,49,50,52,0.378,24.5,72.1666666666667,100,69.3333333333333,77.25,74.25,40,14051.248771401246,98186856,88.125,3658.6931628008565,NA,0.17549079656601,72.1666666666667,52
"VUT",2022,"Vanuatu","East Asia & Pacific","Lower middle income","Combined",0.293,49,50,29.299999999999997,NA,NA,51.22,56.6,59.0666666666667,72.225,33.2083333333333,35,3203.616622699512,326740,55.625,2521.260894030612,NA,-0.536280393600464,51.22,29.299999999999997
"WSM",2022,"Samoa","East Asia & Pacific","Lower middle income","Combined",0.38,49,50,38,0.406,NA,62.44875,70,63,78.76875,40.475,60,6057.197363326923,222382,75,3591.804947632629,NA,0.304703801870346,62.44875,38
"YEM",2022,"Yemen, Rep.","Middle East & North Africa","Low income","Combined",0.2,49,50,20,0.82,NA,33.2370833333333,46.6,28,55.56875,16.0166666666667,20,NA,33696614,26.875,1017.8731085890607,NA,-2.23254156112671,33.2370833333333,20
"ZAF",2022,"South Africa","Sub-Saharan Africa","Upper middle income","Combined",0.4,49,50,40,0.401,23,82.38125,80,85.9666666666667,87.58125,73.3583333333333,85,15330.769273747892,59893885,88.125,6022.427508327194,NA,-0.125317960977554,82.38125,40
"ZMB",2022,"Zambia","Sub-Saharan Africa","Low income","Combined",0.48,49,50,48,0.526,31.1,62.10625,90,60.3666666666667,86.70625,28.4583333333333,45,3864.894366780336,20017675,81.25,1308.1018384753302,NA,-0.658232748508453,62.10625,48
"ZWE",2022,"Zimbabwe","Sub-Saharan Africa","Lower middle income","Combined",0.54,49,50,54,0.519,19.3,70.2125,100,67.0333333333333,87.9625,36.0666666666667,60,3660.8355008182,16320537,86.875,1345.7690825147065,NA,-1.25461292266846,70.2125,54
